"playerId","ribbonId","game"
2,1924,tf
9434,1914,tf
2,1914,tf
9434,1909,tf
223,1909,tf
49173,1900,tf
223,1900,tf
3288,1893,tf
2,1893,tf
9434,1892,tf
3288,1892,tf
2,1892,tf
80063,1891,tf
78412,1891,tf
71017,1891,tf
70988,1891,tf
70657,1891,tf
56857,1891,tf
52846,1891,tf
27950,1891,tf
10345,1891,tf
9434,1891,tf
3288,1891,tf
225,1891,tf
201,1891,tf
2,1891,tf
223,1890,tf
2,1885,tf
9434,1884,tf
3288,1884,tf
2,1884,tf
71017,1883,tf
70988,1883,tf
9434,1883,tf
3288,1883,tf
2,1883,tf
78482,1882,tf
78412,1882,tf
71017,1882,tf
70988,1882,tf
70657,1882,tf
67668,1882,tf
56857,1882,tf
49173,1882,tf
27950,1882,tf
10345,1882,tf
9434,1882,tf
3288,1882,tf
562,1882,tf
256,1882,tf
225,1882,tf
223,1882,tf
201,1882,tf
2,1882,tf
78482,1881,tf
78412,1881,tf
72861,1881,tf
71017,1881,tf
70988,1881,tf
70739,1881,tf
70657,1881,tf
67668,1881,tf
56857,1881,tf
44766,1881,tf
27950,1881,tf
25413,1881,tf
11529,1881,tf
10345,1881,tf
9844,1881,tf
9434,1881,tf
3288,1881,tf
562,1881,tf
256,1881,tf
223,1881,tf
201,1881,tf
198,1881,tf
2,1881,tf
56857,1880,tf
9434,1880,tf
3288,1880,tf
256,1880,tf
2,1880,tf
9434,1879,tf
256,1879,tf
2,1879,tf
52846,1873,tf
10345,1873,tf
9844,1873,tf
3288,1873,tf
256,1873,tf
223,1873,tf
2,1873,tf
2,1874,tf
3288,1872,tf
3288,1871,tf
223,1871,tf
49173,1870,tf
9434,1870,tf
3288,1870,tf
223,1870,tf
2,1870,tf
256,1869,tf
2,1869,tf
71017,1868,tf
70657,1868,tf
3288,1868,tf
256,1868,tf
2,1868,tf
78482,1867,tf
71017,1867,tf
70988,1867,tf
70657,1867,tf
56857,1867,tf
44766,1867,tf
27950,1867,tf
25413,1867,tf
10345,1867,tf
9434,1867,tf
3288,1867,tf
562,1867,tf
256,1867,tf
223,1867,tf
201,1867,tf
2,1867,tf
49173,1847,tf
10345,1847,tf
3288,1847,tf
223,1847,tf
2,1847,tf
78482,1846,tf
78412,1846,tf
74104,1846,tf
70739,1846,tf
70657,1846,tf
67668,1846,tf
49173,1846,tf
25413,1846,tf
12279,1846,tf
10345,1846,tf
9434,1846,tf
3288,1846,tf
562,1846,tf
223,1846,tf
201,1846,tf
2,1846,tf
49173,1848,tf
3288,1848,tf
223,1848,tf
2,1848,tf
80063,1849,tf
78482,1849,tf
78412,1849,tf
71017,1849,tf
70988,1849,tf
70657,1849,tf
67668,1849,tf
59359,1849,tf
56857,1849,tf
44766,1849,tf
27950,1849,tf
25413,1849,tf
11529,1849,tf
9434,1849,tf
3288,1849,tf
562,1849,tf
256,1849,tf
223,1849,tf
201,1849,tf
2,1849,tf
78412,1850,tf
59359,1850,tf
9434,1850,tf
223,1850,tf
2,1850,tf
223,1851,tf
78482,1852,tf
78412,1852,tf
71697,1852,tf
70657,1852,tf
67668,1852,tf
56857,1852,tf
44766,1852,tf
11529,1852,tf
10345,1852,tf
9434,1852,tf
3288,1852,tf
562,1852,tf
223,1852,tf
2,1852,tf
78412,1853,tf
10345,1853,tf
223,1853,tf
2,1853,tf
10345,1854,tf
2,1854,tf
52846,1855,tf
49173,1855,tf
44766,1855,tf
3288,1855,tf
474,1855,tf
225,1855,tf
223,1855,tf
201,1855,tf
198,1855,tf
2,1855,tf
49173,1856,tf
474,1856,tf
225,1856,tf
201,1856,tf
2,1856,tf
225,1857,tf
74104,1858,tf
71017,1858,tf
70739,1858,tf
56857,1858,tf
9434,1858,tf
225,1858,tf
223,1858,tf
2,1858,tf
70988,1861,tf
70739,1861,tf
9434,1861,tf
474,1861,tf
223,1861,tf
2,1861,tf
78482,1864,tf
71017,1864,tf
70988,1864,tf
70739,1864,tf
70657,1864,tf
56857,1864,tf
27950,1864,tf
12279,1864,tf
9434,1864,tf
3288,1864,tf
256,1864,tf
223,1864,tf
3288,1865,tf
223,1865,tf
44766,1806,tf
3288,1806,tf
74104,1805,tf
56857,1805,tf
44766,1805,tf
9434,1805,tf
3288,1805,tf
223,1805,tf
2,1805,tf
78482,1804,tf
74104,1804,tf
73333,1804,tf
71017,1804,tf
70988,1804,tf
70739,1804,tf
70657,1804,tf
67668,1804,tf
59359,1804,tf
56857,1804,tf
44766,1804,tf
27950,1804,tf
25413,1804,tf
12279,1804,tf
9434,1804,tf
3288,1804,tf
562,1804,tf
223,1804,tf
201,1804,tf
2,1804,tf
44766,1803,tf
11529,1803,tf
71017,1802,tf
44766,1802,tf
11529,1802,tf
9434,1802,tf
223,1802,tf
2,1802,tf
81665,1801,tf
78412,1801,tf
71017,1801,tf
70988,1801,tf
67668,1801,tf
44766,1801,tf
12279,1801,tf
11529,1801,tf
9434,1801,tf
562,1801,tf
256,1801,tf
223,1801,tf
2,1801,tf
9434,1800,tf
9434,1799,tf
74104,1798,tf
70988,1798,tf
67668,1798,tf
56857,1798,tf
49173,1798,tf
25413,1798,tf
12279,1798,tf
11529,1798,tf
9434,1798,tf
562,1798,tf
225,1798,tf
2,1798,tf
71017,1807,tf
70988,1807,tf
70739,1807,tf
70657,1807,tf
59359,1807,tf
56857,1807,tf
9434,1807,tf
3288,1807,tf
225,1807,tf
223,1807,tf
201,1807,tf
2,1807,tf
70739,1808,tf
225,1808,tf
223,1808,tf
225,1809,tf
223,1809,tf
78482,1810,tf
71017,1810,tf
70988,1810,tf
70657,1810,tf
67668,1810,tf
49173,1810,tf
9434,1810,tf
3288,1810,tf
223,1810,tf
201,1810,tf
2,1810,tf
67668,1811,tf
3288,1811,tf
223,1811,tf
201,1811,tf
2,1811,tf
3288,1812,tf
223,1812,tf
201,1812,tf
2,1812,tf
12279,1813,tf
9844,1813,tf
256,1813,tf
223,1813,tf
201,1813,tf
198,1813,tf
2,1813,tf
256,1814,tf
223,1814,tf
201,1814,tf
256,1815,tf
223,1815,tf
44766,1816,tf
81665,1819,tf
78482,1819,tf
78412,1819,tf
74104,1819,tf
71017,1819,tf
70988,1819,tf
70739,1819,tf
70657,1819,tf
59359,1819,tf
56857,1819,tf
49173,1819,tf
44766,1819,tf
27950,1819,tf
11529,1819,tf
9844,1819,tf
9434,1819,tf
3288,1819,tf
562,1819,tf
225,1819,tf
223,1819,tf
201,1819,tf
2,1819,tf
74104,1820,tf
70988,1820,tf
70739,1820,tf
44766,1820,tf
11529,1820,tf
9844,1820,tf
223,1820,tf
70739,1821,tf
11529,1821,tf
9844,1821,tf
223,1821,tf
78412,1822,tf
74104,1822,tf
70988,1822,tf
70657,1822,tf
67668,1822,tf
56857,1822,tf
44766,1822,tf
12279,1822,tf
11529,1822,tf
9434,1822,tf
256,1822,tf
223,1822,tf
201,1822,tf
2,1822,tf
9434,1823,tf
223,1823,tf
201,1823,tf
2,1823,tf
9434,1824,tf
223,1824,tf
78482,1825,tf
74104,1825,tf
71017,1825,tf
70988,1825,tf
70739,1825,tf
56857,1825,tf
49173,1825,tf
27950,1825,tf
25413,1825,tf
9434,1825,tf
8647,1825,tf
3288,1825,tf
562,1825,tf
256,1825,tf
225,1825,tf
223,1825,tf
201,1825,tf
2,1825,tf
71017,1826,tf
70988,1826,tf
49173,1826,tf
9434,1826,tf
3288,1826,tf
225,1826,tf
223,1826,tf
201,1826,tf
2,1826,tf
49173,1827,tf
9434,1827,tf
201,1827,tf
2,1827,tf
78412,1831,tf
71017,1831,tf
70988,1831,tf
70739,1831,tf
70657,1831,tf
49173,1831,tf
27950,1831,tf
25413,1831,tf
9434,1831,tf
223,1831,tf
70988,1832,tf
70739,1832,tf
9434,1832,tf
223,1832,tf
70739,1833,tf
9434,1833,tf
223,1833,tf
11529,1834,tf
3288,1834,tf
223,1834,tf
2,1834,tf
3288,1835,tf
223,1835,tf
223,1836,tf
84167,1837,tf
71017,1837,tf
70739,1837,tf
70657,1837,tf
44766,1837,tf
25413,1837,tf
24304,1837,tf
12279,1837,tf
3288,1837,tf
223,1837,tf
70739,1838,tf
25413,1838,tf
78412,1840,tf
70988,1840,tf
70739,1840,tf
3288,1840,tf
225,1840,tf
2,1840,tf
70988,1841,tf
225,1841,tf
2,1841,tf
225,1842,tf
78412,1843,tf
74104,1843,tf
70739,1843,tf
70657,1843,tf
67668,1843,tf
59359,1843,tf
49173,1843,tf
25413,1843,tf
11529,1843,tf
10345,1843,tf
9434,1843,tf
3288,1843,tf
562,1843,tf
225,1843,tf
223,1843,tf
201,1843,tf
2,1843,tf
49173,1844,tf
3288,1844,tf
223,1844,tf
201,1844,tf
2,1844,tf
49173,1845,tf
3288,1845,tf
223,1845,tf
2,1845,tf
3288,908,tf
2,908,tf
81665,907,tf
78412,907,tf
74104,907,tf
71017,907,tf
70988,907,tf
70657,907,tf
67668,907,tf
56857,907,tf
52846,907,tf
49173,907,tf
44766,907,tf
12279,907,tf
10345,907,tf
9844,907,tf
9434,907,tf
8647,907,tf
3288,907,tf
256,907,tf
2,907,tf
52846,906,tf
49173,906,tf
10345,906,tf
70739,905,tf
52846,905,tf
49173,905,tf
10345,905,tf
256,905,tf
223,905,tf
201,905,tf
2,905,tf
78482,904,tf
78412,904,tf
71017,904,tf
70988,904,tf
70739,904,tf
70657,904,tf
67668,904,tf
56857,904,tf
52846,904,tf
49173,904,tf
44766,904,tf
27950,904,tf
25413,904,tf
10345,904,tf
9434,904,tf
256,904,tf
223,904,tf
201,904,tf
2,904,tf
256,903,tf
256,902,tf
256,901,tf
223,901,tf
201,901,tf
256,900,tf
11529,899,tf
256,899,tf
11529,898,tf
3288,898,tf
256,898,tf
223,898,tf
9434,897,tf
2,897,tf
9434,896,tf
2,896,tf
78412,895,tf
74104,895,tf
71017,895,tf
70988,895,tf
70739,895,tf
67668,895,tf
56857,895,tf
27950,895,tf
12279,895,tf
9434,895,tf
3288,895,tf
474,895,tf
223,895,tf
201,895,tf
2,895,tf
2,894,tf
9434,893,tf
2,893,tf
74104,892,tf
71017,892,tf
56857,892,tf
27950,892,tf
12279,892,tf
9434,892,tf
3288,892,tf
562,892,tf
256,892,tf
223,892,tf
2,892,tf
223,891,tf
2,891,tf
70739,890,tf
56857,890,tf
44766,890,tf
3288,890,tf
474,890,tf
223,890,tf
2,890,tf
78482,889,tf
78412,889,tf
74104,889,tf
70988,889,tf
70739,889,tf
70657,889,tf
56857,889,tf
53537,889,tf
52846,889,tf
44766,889,tf
27950,889,tf
12279,889,tf
9434,889,tf
3288,889,tf
474,889,tf
223,889,tf
201,889,tf
198,889,tf
2,889,tf
70988,888,tf
3288,888,tf
2,888,tf
71017,887,tf
70988,887,tf
70739,887,tf
67668,887,tf
9434,887,tf
3288,887,tf
2,887,tf
83202,886,tf
78412,886,tf
74104,886,tf
71017,886,tf
70988,886,tf
70739,886,tf
70657,886,tf
67668,886,tf
12279,886,tf
9434,886,tf
3288,886,tf
562,886,tf
225,886,tf
223,886,tf
198,886,tf
2,886,tf
2,885,tf
9434,884,tf
2,884,tf
73333,883,tf
70988,883,tf
70739,883,tf
67668,883,tf
44766,883,tf
25413,883,tf
11529,883,tf
9844,883,tf
9434,883,tf
3288,883,tf
2289,883,tf
562,883,tf
256,883,tf
223,883,tf
201,883,tf
2,883,tf
223,881,tf
74104,880,tf
70739,880,tf
25413,880,tf
12279,880,tf
9844,880,tf
562,880,tf
225,880,tf
223,880,tf
223,879,tf
223,878,tf
2,878,tf
84167,877,tf
78412,877,tf
70657,877,tf
56857,877,tf
44766,877,tf
27950,877,tf
9434,877,tf
3288,877,tf
562,877,tf
225,877,tf
223,877,tf
201,877,tf
2,877,tf
223,876,tf
52846,875,tf
25413,875,tf
3288,875,tf
223,875,tf
78412,874,tf
74104,874,tf
71017,874,tf
70988,874,tf
70739,874,tf
70657,874,tf
56857,874,tf
52846,874,tf
44766,874,tf
25413,874,tf
12279,874,tf
11529,874,tf
9434,874,tf
8647,874,tf
3288,874,tf
474,874,tf
223,874,tf
2,874,tf
201,873,tf
2,873,tf
70739,872,tf
223,872,tf
201,872,tf
2,872,tf
78482,871,tf
73333,871,tf
71017,871,tf
70988,871,tf
70739,871,tf
70657,871,tf
67668,871,tf
56857,871,tf
49173,871,tf
44766,871,tf
12279,871,tf
9434,871,tf
3288,871,tf
256,871,tf
223,871,tf
201,871,tf
2,871,tf
3288,870,tf
223,870,tf
70739,869,tf
3288,869,tf
256,869,tf
223,869,tf
201,869,tf
83202,868,tf
83016,868,tf
81665,868,tf
78482,868,tf
71017,868,tf
70739,868,tf
70657,868,tf
59359,868,tf
56857,868,tf
49173,868,tf
44766,868,tf
27950,868,tf
24304,868,tf
9844,868,tf
9434,868,tf
3288,868,tf
256,868,tf
223,868,tf
201,868,tf
2,868,tf
201,867,tf
256,866,tf
223,866,tf
201,866,tf
2,866,tf
81665,865,tf
71017,865,tf
70988,865,tf
67668,865,tf
56857,865,tf
49173,865,tf
27950,865,tf
9434,865,tf
3288,865,tf
562,865,tf
256,865,tf
223,865,tf
201,865,tf
2,865,tf
81665,862,tf
78482,862,tf
78412,862,tf
74104,862,tf
70739,862,tf
70657,862,tf
56857,862,tf
27950,862,tf
10345,862,tf
3288,862,tf
225,862,tf
223,862,tf
201,862,tf
2,862,tf
223,861,tf
223,860,tf
2,860,tf
78412,859,tf
70739,859,tf
56857,859,tf
25413,859,tf
9434,859,tf
225,859,tf
223,859,tf
201,859,tf
2,859,tf
10345,858,tf
3288,858,tf
474,858,tf
256,858,tf
225,858,tf
2,858,tf
52846,857,tf
49173,857,tf
44766,857,tf
25413,857,tf
10345,857,tf
9434,857,tf
3288,857,tf
474,857,tf
256,857,tf
225,857,tf
2,857,tf
78482,856,tf
74104,856,tf
71017,856,tf
70988,856,tf
70739,856,tf
70657,856,tf
67668,856,tf
59359,856,tf
56857,856,tf
52846,856,tf
49173,856,tf
44766,856,tf
27950,856,tf
25413,856,tf
12279,856,tf
10345,856,tf
9434,856,tf
3288,856,tf
474,856,tf
256,856,tf
225,856,tf
223,856,tf
201,856,tf
2,856,tf
10345,855,tf
3288,855,tf
256,855,tf
225,855,tf
223,855,tf
2,855,tf
70739,854,tf
44766,854,tf
25413,854,tf
10345,854,tf
9434,854,tf
3288,854,tf
256,854,tf
225,854,tf
223,854,tf
2,854,tf
78482,853,tf
74104,853,tf
71017,853,tf
70988,853,tf
70739,853,tf
70657,853,tf
67668,853,tf
59359,853,tf
52846,853,tf
49173,853,tf
44766,853,tf
27950,853,tf
25413,853,tf
10345,853,tf
9844,853,tf
9434,853,tf
3288,853,tf
474,853,tf
256,853,tf
225,853,tf
223,853,tf
198,853,tf
2,853,tf
223,846,tf
223,845,tf
81665,844,tf
78412,844,tf
74104,844,tf
71017,844,tf
70988,844,tf
70739,844,tf
70657,844,tf
67668,844,tf
56857,844,tf
52846,844,tf
49173,844,tf
44766,844,tf
12279,844,tf
9434,844,tf
8647,844,tf
256,844,tf
223,844,tf
3288,841,tf
223,841,tf
25413,838,tf
256,838,tf
223,834,tf
223,833,tf
74104,832,tf
70739,832,tf
70657,832,tf
44766,832,tf
10345,832,tf
3288,832,tf
225,832,tf
223,832,tf
2,832,tf
201,831,tf
3288,830,tf
201,830,tf
70739,829,tf
52846,829,tf
25413,829,tf
12279,829,tf
3288,829,tf
225,829,tf
223,829,tf
201,829,tf
2,829,tf
70739,828,tf
3288,828,tf
223,828,tf
2,828,tf
70739,827,tf
10345,827,tf
9844,827,tf
9434,827,tf
3288,827,tf
223,827,tf
2,827,tf
78482,826,tf
78412,826,tf
74104,826,tf
71017,826,tf
70988,826,tf
70739,826,tf
70657,826,tf
66191,826,tf
56857,826,tf
44766,826,tf
27950,826,tf
11529,826,tf
10345,826,tf
9844,826,tf
9434,826,tf
3288,826,tf
225,826,tf
223,826,tf
201,826,tf
2,826,tf
71017,823,tf
25413,823,tf
70739,822,tf
44766,822,tf
3288,822,tf
2,822,tf
71017,821,tf
70739,821,tf
44766,821,tf
3288,821,tf
256,821,tf
223,821,tf
2,821,tf
78482,820,tf
74104,820,tf
71017,820,tf
70988,820,tf
70739,820,tf
56857,820,tf
44766,820,tf
27950,820,tf
25413,820,tf
10345,820,tf
9434,820,tf
3288,820,tf
256,820,tf
223,820,tf
198,820,tf
2,820,tf
2,818,tf
83202,817,tf
78482,817,tf
71017,817,tf
70988,817,tf
70739,817,tf
56857,817,tf
44766,817,tf
9844,817,tf
3288,817,tf
223,817,tf
2,817,tf
2,816,tf
71017,815,tf
49173,815,tf
256,815,tf
223,815,tf
2,815,tf
81665,814,tf
78412,814,tf
71017,814,tf
70988,814,tf
70739,814,tf
70657,814,tf
67668,814,tf
56857,814,tf
49173,814,tf
44766,814,tf
27950,814,tf
25413,814,tf
9434,814,tf
8647,814,tf
3288,814,tf
474,814,tf
256,814,tf
223,814,tf
201,814,tf
2,814,tf
474,812,tf
201,812,tf
198,812,tf
74104,811,tf
56857,811,tf
52846,811,tf
49173,811,tf
44766,811,tf
10345,811,tf
474,811,tf
223,811,tf
201,811,tf
198,811,tf
2,811,tf
9434,810,tf
201,810,tf
9434,809,tf
3288,809,tf
223,809,tf
201,809,tf
2,809,tf
70988,808,tf
70657,808,tf
56857,808,tf
49173,808,tf
44766,808,tf
25413,808,tf
12279,808,tf
11529,808,tf
9434,808,tf
3288,808,tf
2289,808,tf
225,808,tf
223,808,tf
201,808,tf
2,808,tf
256,807,tf
223,807,tf
201,807,tf
70988,806,tf
49173,806,tf
44766,806,tf
27950,806,tf
3288,806,tf
256,806,tf
223,806,tf
201,806,tf
81665,805,tf
80063,805,tf
78482,805,tf
78412,805,tf
74104,805,tf
71017,805,tf
70988,805,tf
70739,805,tf
70657,805,tf
67668,805,tf
56857,805,tf
52846,805,tf
49173,805,tf
44766,805,tf
27950,805,tf
9844,805,tf
9434,805,tf
8647,805,tf
3288,805,tf
562,805,tf
256,805,tf
223,805,tf
201,805,tf
2,805,tf
44766,804,tf
3288,804,tf
223,804,tf
72861,803,tf
56857,803,tf
44766,803,tf
9434,803,tf
3288,803,tf
223,803,tf
201,803,tf
2,803,tf
84167,802,tf
78482,802,tf
72861,802,tf
71017,802,tf
70988,802,tf
70739,802,tf
70657,802,tf
67668,802,tf
56857,802,tf
52846,802,tf
44766,802,tf
27950,802,tf
25413,802,tf
11529,802,tf
9844,802,tf
9434,802,tf
3288,802,tf
256,802,tf
225,802,tf
223,802,tf
201,802,tf
198,802,tf
2,802,tf
256,800,tf
223,800,tf
70988,799,tf
70739,799,tf
70657,799,tf
52846,799,tf
9434,799,tf
256,799,tf
223,799,tf
201,799,tf
67668,797,tf
80063,796,tf
78482,796,tf
71017,796,tf
70739,796,tf
70657,796,tf
67668,796,tf
3288,796,tf
223,796,tf
223,793,tf
223,792,tf
70739,791,tf
223,791,tf
71017,790,tf
70988,790,tf
70739,790,tf
70657,790,tf
56857,790,tf
53537,790,tf
44766,790,tf
27950,790,tf
9434,790,tf
2289,790,tf
225,790,tf
223,790,tf
201,790,tf
2,790,tf
70739,786,tf
71017,785,tf
70739,785,tf
44766,785,tf
474,785,tf
201,785,tf
87025,784,tf
83202,784,tf
81665,784,tf
80063,784,tf
74104,784,tf
71017,784,tf
70988,784,tf
70739,784,tf
70657,784,tf
67668,784,tf
56857,784,tf
53538,784,tf
52846,784,tf
49173,784,tf
44766,784,tf
27950,784,tf
12279,784,tf
9434,784,tf
8647,784,tf
474,784,tf
256,784,tf
225,784,tf
223,784,tf
201,784,tf
256,783,tf
223,783,tf
52846,782,tf
256,782,tf
223,782,tf
78482,781,tf
72861,781,tf
70739,781,tf
52846,781,tf
49173,781,tf
27950,781,tf
11529,781,tf
3288,781,tf
256,781,tf
225,781,tf
223,781,tf
2,781,tf
10345,780,tf
201,780,tf
2,780,tf
10345,779,tf
9844,779,tf
9434,779,tf
3288,779,tf
201,779,tf
2,779,tf
78482,778,tf
74104,778,tf
71017,778,tf
70988,778,tf
70739,778,tf
70657,778,tf
67668,778,tf
49173,778,tf
44766,778,tf
27950,778,tf
25413,778,tf
11529,778,tf
10345,778,tf
9844,778,tf
9434,778,tf
3288,778,tf
562,778,tf
474,778,tf
223,778,tf
201,778,tf
2,778,tf
223,776,tf
2,776,tf
72861,775,tf
70739,775,tf
12279,775,tf
9434,775,tf
3288,775,tf
223,775,tf
201,775,tf
2,775,tf
25413,772,tf
562,772,tf
474,772,tf
225,771,tf
223,771,tf
2,771,tf
225,770,tf
223,770,tf
2,770,tf
78482,769,tf
71017,769,tf
70988,769,tf
56857,769,tf
25413,769,tf
3288,769,tf
225,769,tf
223,769,tf
2,769,tf
72861,768,tf
223,768,tf
2,768,tf
72861,767,tf
44766,767,tf
223,767,tf
2,767,tf
81665,766,tf
74104,766,tf
72861,766,tf
70988,766,tf
70739,766,tf
70657,766,tf
67668,766,tf
59359,766,tf
52846,766,tf
44766,766,tf
27950,766,tf
11529,766,tf
9844,766,tf
9434,766,tf
3288,766,tf
562,766,tf
223,766,tf
201,766,tf
2,766,tf
9434,764,tf
2,764,tf
78412,763,tf
71017,763,tf
70988,763,tf
70739,763,tf
25413,763,tf
12279,763,tf
9844,763,tf
9434,763,tf
223,763,tf
2,763,tf
49173,760,tf
3288,760,tf
223,760,tf
9434,759,tf
223,759,tf
201,759,tf
2,759,tf
9434,758,tf
223,758,tf
201,758,tf
2,758,tf
71017,757,tf
70988,757,tf
70739,757,tf
67668,757,tf
56857,757,tf
12279,757,tf
9434,757,tf
3288,757,tf
562,757,tf
223,757,tf
201,757,tf
2,757,tf
3288,756,tf
223,756,tf
201,756,tf
3288,755,tf
223,755,tf
201,755,tf
71017,754,tf
70657,754,tf
25413,754,tf
9844,754,tf
9434,754,tf
3288,754,tf
223,754,tf
201,754,tf
2,754,tf
223,753,tf
71017,752,tf
70657,752,tf
11529,752,tf
225,752,tf
223,752,tf
81665,751,tf
71017,751,tf
70988,751,tf
70739,751,tf
70657,751,tf
56857,751,tf
53537,751,tf
49173,751,tf
27950,751,tf
11529,751,tf
9434,751,tf
2289,751,tf
562,751,tf
256,751,tf
225,751,tf
223,751,tf
2,751,tf
70739,750,tf
44766,750,tf
3288,750,tf
223,750,tf
70739,749,tf
44766,749,tf
9434,749,tf
3288,749,tf
223,749,tf
2,749,tf
71017,748,tf
70988,748,tf
70739,748,tf
44766,748,tf
25413,748,tf
10345,748,tf
9844,748,tf
9434,748,tf
8647,748,tf
3288,748,tf
474,748,tf
225,748,tf
223,748,tf
2,748,tf
70988,747,tf
70739,747,tf
70988,746,tf
70739,746,tf
2,746,tf
71017,745,tf
70988,745,tf
70739,745,tf
56857,745,tf
44766,745,tf
10345,745,tf
9434,745,tf
3288,745,tf
223,745,tf
2,745,tf
9434,744,tf
201,744,tf
2,744,tf
49173,743,tf
9434,743,tf
3288,743,tf
201,743,tf
2,743,tf
81665,742,tf
78482,742,tf
74104,742,tf
70988,742,tf
70739,742,tf
70657,742,tf
67668,742,tf
56857,742,tf
49173,742,tf
44766,742,tf
27950,742,tf
25413,742,tf
12279,742,tf
11529,742,tf
9434,742,tf
3288,742,tf
562,742,tf
225,742,tf
223,742,tf
201,742,tf
2,742,tf
201,740,tf
201,739,tf
2,739,tf
223,738,tf
2,738,tf
223,737,tf
2,737,tf
81665,736,tf
78412,736,tf
71017,736,tf
70739,736,tf
70657,736,tf
59359,736,tf
56857,736,tf
49173,736,tf
25413,736,tf
9434,736,tf
225,736,tf
223,736,tf
201,736,tf
2,736,tf
70988,735,tf
70739,735,tf
70988,734,tf
70739,734,tf
225,734,tf
223,734,tf
87022,733,tf
78482,733,tf
78412,733,tf
74104,733,tf
71017,733,tf
70988,733,tf
70739,733,tf
70657,733,tf
56857,733,tf
52846,733,tf
49173,733,tf
44766,733,tf
25413,733,tf
9434,733,tf
8647,733,tf
562,733,tf
474,733,tf
225,733,tf
223,733,tf
2,733,tf
11529,732,tf
225,732,tf
201,732,tf
2,732,tf
11529,731,tf
3288,731,tf
225,731,tf
201,731,tf
2,731,tf
74104,730,tf
71017,730,tf
70988,730,tf
70657,730,tf
67668,730,tf
44766,730,tf
11529,730,tf
9434,730,tf
3288,730,tf
225,730,tf
223,730,tf
201,730,tf
198,730,tf
2,730,tf
2,729,tf
2,728,tf
71017,727,tf
70657,727,tf
11529,727,tf
9434,727,tf
225,727,tf
2,727,tf
256,726,tf
2,726,tf
256,725,tf
201,725,tf
2,725,tf
71017,724,tf
70739,724,tf
70657,724,tf
67668,724,tf
49173,724,tf
44766,724,tf
27950,724,tf
9434,724,tf
8647,724,tf
474,724,tf
256,724,tf
223,724,tf
201,724,tf
2,724,tf
201,723,tf
201,722,tf
198,722,tf
2,722,tf
81665,721,tf
74104,721,tf
71017,721,tf
70988,721,tf
67668,721,tf
56857,721,tf
44766,721,tf
27950,721,tf
25413,721,tf
11529,721,tf
3288,721,tf
225,721,tf
223,721,tf
201,721,tf
198,721,tf
2,721,tf
223,720,tf
70739,719,tf
3288,719,tf
223,719,tf
70988,718,tf
70739,718,tf
70657,718,tf
44766,718,tf
12279,718,tf
9434,718,tf
8647,718,tf
3288,718,tf
223,718,tf
201,718,tf
2,718,tf
70739,717,tf
2,717,tf
71017,716,tf
70739,716,tf
223,716,tf
2,716,tf
78412,715,tf
73333,715,tf
71017,715,tf
70988,715,tf
70739,715,tf
70657,715,tf
67668,715,tf
27950,715,tf
25413,715,tf
11529,715,tf
10345,715,tf
9434,715,tf
3288,715,tf
474,715,tf
225,715,tf
223,715,tf
2,715,tf
223,714,tf
2,714,tf
70988,713,tf
12279,713,tf
223,713,tf
2,713,tf
70988,712,tf
44766,712,tf
27950,712,tf
12279,712,tf
9434,712,tf
562,712,tf
256,712,tf
223,712,tf
201,712,tf
2,712,tf
81665,709,tf
71017,709,tf
44766,709,tf
12279,709,tf
11529,709,tf
3288,709,tf
562,709,tf
223,709,tf
2,709,tf
3288,708,tf
223,708,tf
201,708,tf
52846,707,tf
44766,707,tf
11529,707,tf
9434,707,tf
3288,707,tf
223,707,tf
201,707,tf
2,707,tf
78482,706,tf
78412,706,tf
72861,706,tf
71017,706,tf
70988,706,tf
70739,706,tf
67668,706,tf
59359,706,tf
56857,706,tf
52846,706,tf
44766,706,tf
27950,706,tf
11529,706,tf
10345,706,tf
9844,706,tf
9434,706,tf
8647,706,tf
3288,706,tf
256,706,tf
223,706,tf
201,706,tf
198,706,tf
2,706,tf
256,705,tf
2,705,tf
67668,704,tf
27950,704,tf
256,704,tf
2,704,tf
78412,703,tf
74104,703,tf
72861,703,tf
71017,703,tf
70988,703,tf
70739,703,tf
67668,703,tf
56857,703,tf
27950,703,tf
9844,703,tf
9434,703,tf
3288,703,tf
562,703,tf
256,703,tf
201,703,tf
2,703,tf
223,702,tf
223,701,tf
70988,700,tf
70657,700,tf
56857,700,tf
24304,700,tf
256,700,tf
225,700,tf
223,700,tf
10345,698,tf
2,698,tf
81665,697,tf
78482,697,tf
74104,697,tf
70739,697,tf
70657,697,tf
52846,697,tf
44766,697,tf
25413,697,tf
10345,697,tf
9844,697,tf
9434,697,tf
3288,697,tf
474,697,tf
225,697,tf
2,697,tf
25413,694,tf
12279,694,tf
3288,694,tf
223,694,tf
2,694,tf
2,693,tf
71017,692,tf
11529,692,tf
9434,692,tf
223,692,tf
2,692,tf
72861,691,tf
71017,691,tf
70739,691,tf
27950,691,tf
24304,691,tf
11529,691,tf
9434,691,tf
225,691,tf
223,691,tf
2,691,tf
11529,690,tf
10345,690,tf
9434,690,tf
256,690,tf
2,690,tf
70988,689,tf
56857,689,tf
27950,689,tf
11529,689,tf
10345,689,tf
9434,689,tf
256,689,tf
201,689,tf
2,689,tf
81665,688,tf
78412,688,tf
74104,688,tf
72861,688,tf
71017,688,tf
70988,688,tf
70739,688,tf
70657,688,tf
56857,688,tf
49173,688,tf
44766,688,tf
27950,688,tf
25413,688,tf
11529,688,tf
10345,688,tf
9844,688,tf
9434,688,tf
3288,688,tf
562,688,tf
474,688,tf
256,688,tf
223,688,tf
201,688,tf
2,688,tf
256,687,tf
223,687,tf
201,687,tf
44766,686,tf
256,686,tf
223,686,tf
201,686,tf
2,686,tf
80063,685,tf
78482,685,tf
78412,685,tf
74104,685,tf
71017,685,tf
70988,685,tf
70739,685,tf
67668,685,tf
56857,685,tf
44766,685,tf
25413,685,tf
12279,685,tf
9434,685,tf
3288,685,tf
256,685,tf
223,685,tf
201,685,tf
2,685,tf
11529,683,tf
225,683,tf
223,683,tf
74104,682,tf
71017,682,tf
70988,682,tf
70739,682,tf
67668,682,tf
56857,682,tf
11529,682,tf
9434,682,tf
3288,682,tf
562,682,tf
256,682,tf
225,682,tf
223,682,tf
2,682,tf
74104,680,tf
70739,680,tf
56857,680,tf
256,680,tf
223,680,tf
81665,679,tf
78482,679,tf
74104,679,tf
71017,679,tf
70988,679,tf
70739,679,tf
70657,679,tf
67668,679,tf
56857,679,tf
11529,679,tf
9434,679,tf
562,679,tf
256,679,tf
225,679,tf
223,679,tf
2,679,tf
10345,678,tf
225,678,tf
223,678,tf
2,678,tf
10345,677,tf
9434,677,tf
225,677,tf
223,677,tf
2,677,tf
83202,676,tf
81665,676,tf
78482,676,tf
72861,676,tf
71017,676,tf
70988,676,tf
70739,676,tf
70657,676,tf
65338,676,tf
59359,676,tf
56857,676,tf
52846,676,tf
49173,676,tf
44766,676,tf
27950,676,tf
25413,676,tf
10345,676,tf
9844,676,tf
9434,676,tf
8647,676,tf
3288,676,tf
225,676,tf
223,676,tf
201,676,tf
198,676,tf
2,676,tf
3288,675,tf
2,675,tf
3288,674,tf
2,674,tf
70739,673,tf
70657,673,tf
27950,673,tf
9434,673,tf
3288,673,tf
223,673,tf
201,673,tf
2,673,tf
71017,671,tf
27950,671,tf
2,671,tf
78412,670,tf
74104,670,tf
71017,670,tf
70988,670,tf
70657,670,tf
56857,670,tf
49173,670,tf
44766,670,tf
27950,670,tf
25413,670,tf
11529,670,tf
10345,670,tf
9434,670,tf
3288,670,tf
225,670,tf
223,670,tf
198,670,tf
2,670,tf
70657,667,tf
11529,667,tf
10345,667,tf
225,667,tf
201,667,tf
223,666,tf
223,665,tf
70988,664,tf
67668,664,tf
225,664,tf
223,664,tf
2,664,tf
74104,663,tf
223,663,tf
74104,662,tf
71017,662,tf
70988,662,tf
56857,662,tf
256,662,tf
223,662,tf
80063,661,tf
78412,661,tf
74104,661,tf
71017,661,tf
70988,661,tf
70739,661,tf
70657,661,tf
67668,661,tf
56857,661,tf
52846,661,tf
44766,661,tf
9844,661,tf
256,661,tf
225,661,tf
223,661,tf
2,661,tf
71017,660,tf
256,660,tf
223,660,tf
2,660,tf
71017,659,tf
11529,659,tf
9434,659,tf
256,659,tf
223,659,tf
2,659,tf
83202,658,tf
81665,658,tf
74104,658,tf
71017,658,tf
70988,658,tf
70739,658,tf
67668,658,tf
56857,658,tf
49173,658,tf
27950,658,tf
25413,658,tf
11529,658,tf
9434,658,tf
3288,658,tf
562,658,tf
256,658,tf
225,658,tf
223,658,tf
201,658,tf
2,658,tf
27950,657,tf
11529,657,tf
3288,657,tf
201,657,tf
2,657,tf
71017,656,tf
27950,656,tf
11529,656,tf
3288,656,tf
201,656,tf
2,656,tf
81665,655,tf
78482,655,tf
78412,655,tf
71017,655,tf
67668,655,tf
56857,655,tf
27950,655,tf
11529,655,tf
10345,655,tf
9434,655,tf
8647,655,tf
3288,655,tf
562,655,tf
201,655,tf
2,655,tf
223,654,tf
2,654,tf
70988,653,tf
52846,653,tf
44766,653,tf
9434,653,tf
223,653,tf
2,653,tf
83202,652,tf
78412,652,tf
74104,652,tf
71017,652,tf
70988,652,tf
70739,652,tf
70657,652,tf
67668,652,tf
56857,652,tf
52846,652,tf
49173,652,tf
44766,652,tf
11529,652,tf
10345,652,tf
9434,652,tf
3288,652,tf
256,652,tf
223,652,tf
201,652,tf
198,652,tf
2,652,tf
52846,651,tf
3288,651,tf
223,651,tf
2,651,tf
70988,650,tf
52846,650,tf
44766,650,tf
10345,650,tf
3288,650,tf
223,650,tf
201,650,tf
2,650,tf
78482,649,tf
78412,649,tf
72861,649,tf
71017,649,tf
70988,649,tf
70739,649,tf
56857,649,tf
52846,649,tf
44766,649,tf
27950,649,tf
25413,649,tf
12279,649,tf
10345,649,tf
9844,649,tf
9434,649,tf
3288,649,tf
256,649,tf
223,649,tf
201,649,tf
2,649,tf
70988,648,tf
70739,648,tf
3288,648,tf
71017,647,tf
70988,647,tf
70739,647,tf
3288,647,tf
84167,646,tf
83202,646,tf
78412,646,tf
74104,646,tf
72861,646,tf
71017,646,tf
70988,646,tf
70739,646,tf
70657,646,tf
25413,646,tf
11529,646,tf
9844,646,tf
9434,646,tf
3288,646,tf
474,646,tf
256,646,tf
223,646,tf
2,646,tf
56857,645,tf
25413,645,tf
9434,645,tf
2,645,tf
56857,644,tf
25413,644,tf
9434,644,tf
223,644,tf
2,644,tf
81665,643,tf
71017,643,tf
70988,643,tf
70739,643,tf
56857,643,tf
49173,643,tf
44766,643,tf
25413,643,tf
9844,643,tf
9434,643,tf
3288,643,tf
562,643,tf
223,643,tf
201,643,tf
2,643,tf
2,642,tf
70988,641,tf
70739,641,tf
56857,641,tf
11529,641,tf
3288,641,tf
2,641,tf
84167,640,tf
81665,640,tf
78412,640,tf
74104,640,tf
71017,640,tf
70988,640,tf
70739,640,tf
70657,640,tf
67668,640,tf
56857,640,tf
44766,640,tf
25413,640,tf
11529,640,tf
9434,640,tf
3288,640,tf
256,640,tf
198,640,tf
2,640,tf
49173,639,tf
49173,638,tf
9434,638,tf
474,638,tf
2,638,tf
80063,637,tf
78412,637,tf
71017,637,tf
70988,637,tf
70739,637,tf
70657,637,tf
67668,637,tf
49173,637,tf
27950,637,tf
12279,637,tf
9434,637,tf
8647,637,tf
474,637,tf
256,637,tf
225,637,tf
201,637,tf
2,637,tf
70988,636,tf
49173,636,tf
223,636,tf
70988,635,tf
52846,635,tf
49173,635,tf
474,635,tf
225,635,tf
223,635,tf
201,635,tf
83202,634,tf
81665,634,tf
71017,634,tf
70988,634,tf
70739,634,tf
56857,634,tf
52846,634,tf
49173,634,tf
44766,634,tf
25413,634,tf
12279,634,tf
11529,634,tf
9434,634,tf
3288,634,tf
474,634,tf
256,634,tf
225,634,tf
223,634,tf
201,634,tf
2,634,tf
198,633,tf
198,632,tf
74104,631,tf
70739,631,tf
52846,631,tf
10345,631,tf
3288,631,tf
562,631,tf
256,631,tf
225,631,tf
201,631,tf
198,631,tf
2,631,tf
3288,630,tf
223,630,tf
2,630,tf
70988,629,tf
9434,629,tf
3288,629,tf
223,629,tf
2,629,tf
78482,628,tf
78412,628,tf
71017,628,tf
70988,628,tf
70657,628,tf
67668,628,tf
56857,628,tf
52846,628,tf
27950,628,tf
25413,628,tf
12279,628,tf
11529,628,tf
9434,628,tf
3288,628,tf
562,628,tf
225,628,tf
223,628,tf
201,628,tf
2,628,tf
70739,627,tf
223,627,tf
198,627,tf
2,627,tf
70739,626,tf
44766,626,tf
9434,626,tf
223,626,tf
198,626,tf
2,626,tf
83202,625,tf
81665,625,tf
78482,625,tf
78412,625,tf
71017,625,tf
70988,625,tf
70739,625,tf
70657,625,tf
67668,625,tf
56857,625,tf
44766,625,tf
27950,625,tf
25413,625,tf
12279,625,tf
10345,625,tf
9434,625,tf
3288,625,tf
223,625,tf
201,625,tf
198,625,tf
2,625,tf
223,624,tf
223,623,tf
2,623,tf
81665,622,tf
78482,622,tf
71017,622,tf
70739,622,tf
49173,622,tf
9844,622,tf
3288,622,tf
562,622,tf
223,622,tf
2,622,tf
225,621,tf
71017,620,tf
10345,620,tf
9434,620,tf
225,620,tf
2,620,tf
78412,619,tf
71017,619,tf
70988,619,tf
52846,619,tf
49173,619,tf
27950,619,tf
10345,619,tf
9434,619,tf
3288,619,tf
256,619,tf
225,619,tf
223,619,tf
201,619,tf
2,619,tf
70739,618,tf
44766,618,tf
10345,618,tf
256,618,tf
2,618,tf
81665,617,tf
70739,617,tf
49173,617,tf
44766,617,tf
25413,617,tf
10345,617,tf
9434,617,tf
256,617,tf
198,617,tf
2,617,tf
81665,616,tf
78482,616,tf
70988,616,tf
70739,616,tf
70657,616,tf
67668,616,tf
56857,616,tf
49173,616,tf
44766,616,tf
27950,616,tf
25413,616,tf
10345,616,tf
9844,616,tf
9434,616,tf
256,616,tf
225,616,tf
198,616,tf
2,616,tf
2,614,tf
74104,613,tf
71017,613,tf
70739,613,tf
67668,613,tf
44766,613,tf
10345,613,tf
9844,613,tf
256,613,tf
223,613,tf
201,613,tf
198,613,tf
2,613,tf
256,612,tf
223,612,tf
2,612,tf
71017,611,tf
70739,611,tf
25413,611,tf
256,611,tf
225,611,tf
223,611,tf
2,611,tf
84167,610,tf
78482,610,tf
78412,610,tf
74104,610,tf
71017,610,tf
70988,610,tf
70739,610,tf
67668,610,tf
56857,610,tf
52846,610,tf
49173,610,tf
44766,610,tf
25413,610,tf
24304,610,tf
12279,610,tf
11529,610,tf
10345,610,tf
9844,610,tf
9434,610,tf
3288,610,tf
256,610,tf
225,610,tf
223,610,tf
201,610,tf
2,610,tf
70739,607,tf
223,607,tf
256,606,tf
256,605,tf
225,605,tf
70739,604,tf
70657,604,tf
49173,604,tf
44766,604,tf
11529,604,tf
9434,604,tf
256,604,tf
225,604,tf
198,604,tf
2,604,tf
9434,603,tf
2,603,tf
56857,602,tf
25413,602,tf
9844,602,tf
9434,602,tf
256,602,tf
223,602,tf
201,602,tf
2,602,tf
78482,601,tf
78412,601,tf
72861,601,tf
71017,601,tf
70988,601,tf
70739,601,tf
70657,601,tf
59359,601,tf
56857,601,tf
49173,601,tf
25413,601,tf
9844,601,tf
9434,601,tf
3288,601,tf
256,601,tf
225,601,tf
223,601,tf
201,601,tf
2,601,tf
56857,599,tf
78482,598,tf
74104,598,tf
70988,598,tf
70739,598,tf
56857,598,tf
44766,598,tf
12279,598,tf
3288,598,tf
223,598,tf
201,598,tf
2,598,tf
2,596,tf
71017,595,tf
70988,595,tf
70657,595,tf
67668,595,tf
56857,595,tf
24304,595,tf
9434,595,tf
3288,595,tf
223,595,tf
2,595,tf
71017,592,tf
9434,592,tf
3288,591,tf
223,591,tf
2,591,tf
71017,590,tf
70657,590,tf
25413,590,tf
3288,590,tf
223,590,tf
2,590,tf
81665,589,tf
78482,589,tf
78412,589,tf
71017,589,tf
70988,589,tf
70739,589,tf
70657,589,tf
59359,589,tf
56857,589,tf
52846,589,tf
27950,589,tf
25413,589,tf
11529,589,tf
10345,589,tf
3288,589,tf
562,589,tf
256,589,tf
225,589,tf
223,589,tf
201,589,tf
2,589,tf
52846,588,tf
10345,588,tf
9434,588,tf
3288,588,tf
223,588,tf
201,588,tf
2,588,tf
70739,587,tf
56857,587,tf
52846,587,tf
49173,587,tf
10345,587,tf
9434,587,tf
3288,587,tf
223,587,tf
201,587,tf
2,587,tf
80063,586,tf
78482,586,tf
78412,586,tf
72861,586,tf
71017,586,tf
70988,586,tf
70739,586,tf
70657,586,tf
59359,586,tf
56857,586,tf
52846,586,tf
49173,586,tf
44766,586,tf
25413,586,tf
12279,586,tf
10345,586,tf
9844,586,tf
9434,586,tf
3288,586,tf
562,586,tf
474,586,tf
256,586,tf
225,586,tf
223,586,tf
201,586,tf
198,586,tf
2,586,tf
256,584,tf
71017,583,tf
70739,583,tf
27950,583,tf
256,583,tf
201,583,tf
2,583,tf
25413,582,tf
10345,582,tf
3288,582,tf
223,582,tf
2,582,tf
70657,581,tf
25413,581,tf
10345,581,tf
9434,581,tf
3288,581,tf
223,581,tf
201,581,tf
2,581,tf
83202,580,tf
81665,580,tf
73333,580,tf
71017,580,tf
70988,580,tf
70739,580,tf
70657,580,tf
56857,580,tf
52846,580,tf
27950,580,tf
25413,580,tf
12279,580,tf
10345,580,tf
9434,580,tf
3288,580,tf
562,580,tf
256,580,tf
225,580,tf
223,580,tf
201,580,tf
2,580,tf
10345,579,tf
9434,579,tf
3288,579,tf
256,579,tf
223,579,tf
2,579,tf
72861,578,tf
70988,578,tf
10345,578,tf
9844,578,tf
9434,578,tf
3288,578,tf
256,578,tf
223,578,tf
201,578,tf
2,578,tf
74104,577,tf
72861,577,tf
70988,577,tf
70739,577,tf
70657,577,tf
56857,577,tf
52846,577,tf
49173,577,tf
44766,577,tf
27950,577,tf
25413,577,tf
12279,577,tf
11529,577,tf
10345,577,tf
9844,577,tf
9434,577,tf
3288,577,tf
474,577,tf
256,577,tf
225,577,tf
223,577,tf
201,577,tf
198,577,tf
2,577,tf
10345,576,tf
3288,576,tf
225,576,tf
223,576,tf
2,576,tf
72861,575,tf
10345,575,tf
9434,575,tf
3288,575,tf
256,575,tf
225,575,tf
223,575,tf
2,575,tf
81665,574,tf
80063,574,tf
78482,574,tf
72861,574,tf
71017,574,tf
70988,574,tf
70657,574,tf
65338,574,tf
56857,574,tf
49173,574,tf
44766,574,tf
27950,574,tf
25413,574,tf
11529,574,tf
10345,574,tf
9844,574,tf
9434,574,tf
3288,574,tf
256,574,tf
225,574,tf
223,574,tf
201,574,tf
2,574,tf
3288,573,tf
256,573,tf
223,573,tf
201,573,tf
198,573,tf
2,573,tf
70988,572,tf
49173,572,tf
44766,572,tf
25413,572,tf
9434,572,tf
3288,572,tf
474,572,tf
256,572,tf
223,572,tf
201,572,tf
198,572,tf
2,572,tf
83202,571,tf
81665,571,tf
72861,571,tf
71017,571,tf
70988,571,tf
70739,571,tf
67668,571,tf
59359,571,tf
52846,571,tf
49173,571,tf
44766,571,tf
27950,571,tf
25413,571,tf
12279,571,tf
11529,571,tf
10345,571,tf
9844,571,tf
9434,571,tf
8647,571,tf
3288,571,tf
474,571,tf
256,571,tf
225,571,tf
223,571,tf
201,571,tf
198,571,tf
2,571,tf
25413,570,tf
3288,570,tf
256,570,tf
225,570,tf
223,570,tf
2,570,tf
52846,569,tf
44766,569,tf
25413,569,tf
10345,569,tf
9434,569,tf
3288,569,tf
256,569,tf
225,569,tf
223,569,tf
201,569,tf
198,569,tf
2,569,tf
78482,568,tf
74104,568,tf
72861,568,tf
71017,568,tf
70988,568,tf
70739,568,tf
70657,568,tf
56857,568,tf
52846,568,tf
49173,568,tf
44766,568,tf
25413,568,tf
12279,568,tf
11529,568,tf
10345,568,tf
9434,568,tf
3288,568,tf
474,568,tf
256,568,tf
225,568,tf
223,568,tf
201,568,tf
198,568,tf
2,568,tf
49173,567,tf
10345,567,tf
9434,567,tf
3288,567,tf
474,567,tf
256,567,tf
225,567,tf
223,567,tf
201,567,tf
2,567,tf
71017,566,tf
52846,566,tf
49173,566,tf
25413,566,tf
10345,566,tf
9434,566,tf
3288,566,tf
474,566,tf
256,566,tf
225,566,tf
223,566,tf
201,566,tf
198,566,tf
2,566,tf
84167,565,tf
78482,565,tf
74104,565,tf
72861,565,tf
71017,565,tf
70988,565,tf
70739,565,tf
70657,565,tf
67668,565,tf
59359,565,tf
56857,565,tf
52846,565,tf
49173,565,tf
44766,565,tf
27950,565,tf
25413,565,tf
12279,565,tf
10345,565,tf
9844,565,tf
9434,565,tf
8647,565,tf
3288,565,tf
474,565,tf
256,565,tf
225,565,tf
223,565,tf
201,565,tf
198,565,tf
2,565,tf
256,564,tf
225,564,tf
223,564,tf
70739,563,tf
44766,563,tf
25413,563,tf
9434,563,tf
256,563,tf
225,563,tf
223,563,tf
2,563,tf
81665,562,tf
78482,562,tf
70988,562,tf
70739,562,tf
70657,562,tf
67668,562,tf
56857,562,tf
44766,562,tf
27950,562,tf
25413,562,tf
9434,562,tf
3288,562,tf
474,562,tf
256,562,tf
225,562,tf
223,562,tf
2,562,tf
52846,561,tf
256,561,tf
223,561,tf
52846,560,tf
9434,560,tf
3288,560,tf
256,560,tf
225,560,tf
223,560,tf
2,560,tf
83202,559,tf
78412,559,tf
71017,559,tf
70739,559,tf
70657,559,tf
67668,559,tf
56857,559,tf
52846,559,tf
27950,559,tf
25413,559,tf
12279,559,tf
11529,559,tf
9434,559,tf
3288,559,tf
562,559,tf
256,559,tf
225,559,tf
223,559,tf
201,559,tf
2,559,tf
70739,558,tf
10345,558,tf
9434,558,tf
3288,558,tf
256,558,tf
225,558,tf
2,558,tf
70739,557,tf
52846,557,tf
25413,557,tf
11529,557,tf
10345,557,tf
9434,557,tf
3288,557,tf
256,557,tf
225,557,tf
2,557,tf
81665,556,tf
80063,556,tf
78482,556,tf
74104,556,tf
71017,556,tf
70988,556,tf
70739,556,tf
70657,556,tf
67668,556,tf
56857,556,tf
52846,556,tf
44766,556,tf
27950,556,tf
25413,556,tf
12279,556,tf
11529,556,tf
10345,556,tf
9844,556,tf
9434,556,tf
3288,556,tf
256,556,tf
225,556,tf
223,556,tf
201,556,tf
2,556,tf
256,554,tf
223,554,tf
72861,553,tf
71017,553,tf
70988,553,tf
70739,553,tf
70657,553,tf
67668,553,tf
56857,553,tf
49173,553,tf
27950,553,tf
9844,553,tf
9434,553,tf
3288,553,tf
2289,553,tf
256,553,tf
225,553,tf
223,553,tf
201,553,tf
198,553,tf
2,553,tf
10345,552,tf
9434,552,tf
256,552,tf
225,552,tf
223,552,tf
2,552,tf
78482,551,tf
70739,551,tf
52846,551,tf
49173,551,tf
44766,551,tf
25413,551,tf
10345,551,tf
9434,551,tf
3288,551,tf
256,551,tf
225,551,tf
223,551,tf
2,551,tf
78482,550,tf
74104,550,tf
71017,550,tf
70988,550,tf
70739,550,tf
70657,550,tf
59359,550,tf
56857,550,tf
52846,550,tf
49173,550,tf
44766,550,tf
27950,550,tf
25413,550,tf
10345,550,tf
9434,550,tf
8647,550,tf
3288,550,tf
474,550,tf
256,550,tf
225,550,tf
223,550,tf
201,550,tf
2,550,tf
9434,549,tf
2,549,tf
70739,548,tf
27950,548,tf
9434,548,tf
2,548,tf
83202,547,tf
78412,547,tf
70988,547,tf
70739,547,tf
70657,547,tf
67668,547,tf
59359,547,tf
56857,547,tf
27950,547,tf
25413,547,tf
24304,547,tf
12279,547,tf
11529,547,tf
10345,547,tf
9434,547,tf
223,547,tf
2,547,tf
256,545,tf
2,545,tf
81665,544,tf
74104,544,tf
71017,544,tf
70988,544,tf
70739,544,tf
70657,544,tf
56857,544,tf
27950,544,tf
25413,544,tf
12279,544,tf
9844,544,tf
9434,544,tf
3288,544,tf
256,544,tf
223,544,tf
2,544,tf
70988,541,tf
67668,541,tf
52846,541,tf
10345,541,tf
9844,541,tf
223,541,tf
201,541,tf
2,541,tf
223,540,tf
223,539,tf
70739,538,tf
56857,538,tf
9844,538,tf
223,538,tf
2,538,tf
70988,534,tf
9844,534,tf
9434,534,tf
223,534,tf
2,534,tf
70988,533,tf
70739,533,tf
25413,533,tf
9844,533,tf
9434,533,tf
3288,533,tf
256,533,tf
223,533,tf
201,533,tf
198,533,tf
2,533,tf
78482,532,tf
72861,532,tf
71017,532,tf
70988,532,tf
70739,532,tf
70657,532,tf
56857,532,tf
52846,532,tf
49173,532,tf
44766,532,tf
25413,532,tf
12279,532,tf
10345,532,tf
9844,532,tf
9434,532,tf
3288,532,tf
474,532,tf
256,532,tf
225,532,tf
223,532,tf
201,532,tf
198,532,tf
2,532,tf
223,530,tf
2,530,tf
72861,529,tf
70988,529,tf
52846,529,tf
49173,529,tf
27950,529,tf
12279,529,tf
9844,529,tf
9434,529,tf
3288,529,tf
474,529,tf
223,529,tf
201,529,tf
2,529,tf
25413,528,tf
9434,528,tf
223,528,tf
2,528,tf
70739,527,tf
25413,527,tf
9434,527,tf
223,527,tf
2,527,tf
81665,526,tf
78482,526,tf
78412,526,tf
74104,526,tf
72861,526,tf
70739,526,tf
70657,526,tf
67668,526,tf
59359,526,tf
52846,526,tf
49173,526,tf
44766,526,tf
27950,526,tf
25413,526,tf
12279,526,tf
11529,526,tf
10345,526,tf
9434,526,tf
3288,526,tf
474,526,tf
223,526,tf
201,526,tf
2,526,tf
83202,525,tf
81665,525,tf
78482,525,tf
78412,525,tf
71017,525,tf
70739,525,tf
70657,525,tf
67668,525,tf
52846,525,tf
49173,525,tf
44766,525,tf
27950,525,tf
25413,525,tf
12279,525,tf
11529,525,tf
10345,525,tf
9844,525,tf
9434,525,tf
3288,525,tf
474,525,tf
256,525,tf
225,525,tf
223,525,tf
201,525,tf
198,525,tf
2,525,tf
10345,524,tf
3288,524,tf
256,524,tf
225,524,tf
223,524,tf
2,524,tf
81665,523,tf
71017,523,tf
52846,523,tf
44766,523,tf
25413,523,tf
10345,523,tf
9434,523,tf
3288,523,tf
256,523,tf
225,523,tf
223,523,tf
201,523,tf
2,523,tf
70739,522,tf
10345,522,tf
225,522,tf
223,519,tf
78412,517,tf
56857,517,tf
52846,517,tf
49173,517,tf
24304,517,tf
11529,517,tf
10345,517,tf
8647,517,tf
256,517,tf
223,517,tf
198,517,tf
78412,514,tf
67668,514,tf
25413,514,tf
11529,514,tf
10345,514,tf
9434,514,tf
223,514,tf
2,514,tf
256,512,tf
223,512,tf
71017,510,tf
70739,510,tf
49173,510,tf
25413,510,tf
24304,510,tf
256,510,tf
223,510,tf
201,510,tf
81665,507,tf
78412,507,tf
71017,507,tf
70988,507,tf
70739,507,tf
70657,507,tf
67668,507,tf
56857,507,tf
53537,507,tf
44766,507,tf
27950,507,tf
9844,507,tf
9434,507,tf
3288,507,tf
256,507,tf
223,507,tf
2,507,tf
71017,506,tf
70739,506,tf
9844,506,tf
223,506,tf
2,506,tf
70739,505,tf
223,505,tf
70739,504,tf
52846,504,tf
49173,504,tf
25413,504,tf
12279,504,tf
10345,504,tf
256,504,tf
225,504,tf
223,504,tf
201,504,tf
2,504,tf
49173,503,tf
256,503,tf
225,503,tf
223,503,tf
78412,502,tf
74104,502,tf
71017,502,tf
70988,502,tf
70739,502,tf
70657,502,tf
59359,502,tf
56857,502,tf
52846,502,tf
49173,502,tf
44766,502,tf
25413,502,tf
12279,502,tf
11529,502,tf
10345,502,tf
9434,502,tf
3288,502,tf
2289,502,tf
562,502,tf
256,502,tf
225,502,tf
223,502,tf
201,502,tf
198,502,tf
2,502,tf
56857,501,tf
256,501,tf
223,501,tf
2,501,tf
81665,500,tf
78482,500,tf
70988,500,tf
70739,500,tf
70657,500,tf
67668,500,tf
56857,500,tf
44766,500,tf
27950,500,tf
25413,500,tf
12279,500,tf
9434,500,tf
256,500,tf
223,500,tf
201,500,tf
2,500,tf
56857,499,tf
25413,499,tf
256,499,tf
223,499,tf
2,499,tf
83202,498,tf
71017,498,tf
70988,498,tf
70739,498,tf
70657,498,tf
56857,498,tf
52846,498,tf
49173,498,tf
44766,498,tf
25413,498,tf
11529,498,tf
10345,498,tf
9434,498,tf
3288,498,tf
474,498,tf
256,498,tf
225,498,tf
223,498,tf
201,498,tf
198,498,tf
2,498,tf
10345,497,tf
9434,497,tf
3288,497,tf
474,497,tf
256,497,tf
225,497,tf
223,497,tf
201,497,tf
198,497,tf
2,497,tf
3288,496,tf
474,496,tf
256,496,tf
223,496,tf
2,496,tf
256,495,tf
223,495,tf
70988,493,tf
67668,493,tf
56857,493,tf
44766,493,tf
25413,493,tf
3288,493,tf
2289,493,tf
256,493,tf
225,493,tf
223,493,tf
198,493,tf
2,493,tf
70739,492,tf
49173,492,tf
25413,492,tf
9434,492,tf
3288,492,tf
223,492,tf
2,492,tf
3288,491,tf
223,491,tf
81665,490,tf
78412,490,tf
71697,490,tf
71017,490,tf
70988,490,tf
70739,490,tf
67668,490,tf
59359,490,tf
56857,490,tf
52846,490,tf
49173,490,tf
27950,490,tf
25413,490,tf
11529,490,tf
10345,490,tf
9844,490,tf
9434,490,tf
3288,490,tf
256,490,tf
225,490,tf
223,490,tf
201,490,tf
198,490,tf
2,490,tf
256,489,tf
223,489,tf
44766,488,tf
27950,488,tf
9434,488,tf
256,488,tf
223,488,tf
2,488,tf
256,487,tf
223,487,tf
2,487,tf
81665,483,tf
78482,483,tf
78412,483,tf
70988,483,tf
70739,483,tf
70657,483,tf
67668,483,tf
59359,483,tf
56857,483,tf
52846,483,tf
49173,483,tf
44766,483,tf
27950,483,tf
25413,483,tf
12279,483,tf
11529,483,tf
10345,483,tf
9844,483,tf
9434,483,tf
3288,483,tf
256,483,tf
225,483,tf
223,483,tf
201,483,tf
2,483,tf
56857,482,tf
49173,482,tf
25413,482,tf
9844,482,tf
9434,482,tf
3288,482,tf
223,482,tf
201,482,tf
2,482,tf
25413,481,tf
9434,481,tf
223,481,tf
2,481,tf
74104,480,tf
71017,480,tf
70988,480,tf
70739,480,tf
70657,480,tf
11529,480,tf
9434,480,tf
3288,480,tf
256,480,tf
223,480,tf
201,480,tf
2,480,tf
256,478,tf
223,478,tf
2,478,tf
9844,477,tf
9434,477,tf
3288,477,tf
256,477,tf
223,477,tf
2,477,tf
78412,476,tf
74104,476,tf
72861,476,tf
71017,476,tf
70988,476,tf
70739,476,tf
70657,476,tf
56857,476,tf
52846,476,tf
49173,476,tf
44766,476,tf
27950,476,tf
25413,476,tf
11529,476,tf
10345,476,tf
9844,476,tf
9434,476,tf
3288,476,tf
474,476,tf
256,476,tf
225,476,tf
223,476,tf
201,476,tf
198,476,tf
2,476,tf
70988,475,tf
56857,475,tf
10345,475,tf
9844,475,tf
9434,475,tf
3288,475,tf
256,475,tf
223,475,tf
2,475,tf
25413,474,tf
10345,474,tf
3288,474,tf
223,474,tf
2,474,tf
70739,473,tf
70657,473,tf
52846,473,tf
25413,473,tf
10345,473,tf
3288,473,tf
223,473,tf
2,473,tf
83202,472,tf
81665,472,tf
74104,472,tf
72861,472,tf
71017,472,tf
70988,472,tf
70739,472,tf
70657,472,tf
67668,472,tf
56857,472,tf
52846,472,tf
44766,472,tf
27950,472,tf
25413,472,tf
12279,472,tf
11529,472,tf
10345,472,tf
9844,472,tf
9434,472,tf
3288,472,tf
225,472,tf
223,472,tf
201,472,tf
2,472,tf
52846,465,tf
44766,465,tf
9434,465,tf
256,465,tf
223,465,tf
2,465,tf
52846,464,tf
44766,464,tf
27950,464,tf
25413,464,tf
9434,464,tf
3288,464,tf
256,464,tf
223,464,tf
201,464,tf
2,464,tf
81665,463,tf
78482,463,tf
78412,463,tf
74104,463,tf
71017,463,tf
70988,463,tf
70739,463,tf
70657,463,tf
67668,463,tf
66191,463,tf
59359,463,tf
56857,463,tf
52846,463,tf
44766,463,tf
27950,463,tf
25413,463,tf
10345,463,tf
9844,463,tf
9434,463,tf
3288,463,tf
474,463,tf
256,463,tf
225,463,tf
223,463,tf
201,463,tf
198,463,tf
2,463,tf
70739,462,tf
9434,462,tf
474,462,tf
223,462,tf
70739,461,tf
9434,461,tf
8647,461,tf
474,461,tf
225,461,tf
223,461,tf
2,461,tf
81665,460,tf
80063,460,tf
71017,460,tf
70988,460,tf
70739,460,tf
70657,460,tf
49173,460,tf
44766,460,tf
27950,460,tf
12279,460,tf
9844,460,tf
9434,460,tf
8647,460,tf
3288,460,tf
474,460,tf
256,460,tf
225,460,tf
223,460,tf
201,460,tf
2,460,tf
201,458,tf
70988,457,tf
52846,457,tf
44766,457,tf
10345,457,tf
9434,457,tf
474,457,tf
256,457,tf
223,457,tf
201,457,tf
198,457,tf
2,457,tf
10345,453,tf
3288,453,tf
223,453,tf
2,453,tf
72861,452,tf
10345,452,tf
9434,452,tf
3288,452,tf
225,452,tf
223,452,tf
2,452,tf
80063,451,tf
78482,451,tf
72861,451,tf
71017,451,tf
70988,451,tf
70657,451,tf
65338,451,tf
59359,451,tf
56857,451,tf
52846,451,tf
49173,451,tf
27950,451,tf
25413,451,tf
10345,451,tf
9844,451,tf
9434,451,tf
3288,451,tf
225,451,tf
223,451,tf
2,451,tf
10345,450,tf
9434,450,tf
3288,450,tf
225,450,tf
223,450,tf
2,450,tf
72861,449,tf
70988,449,tf
25413,449,tf
11529,449,tf
10345,449,tf
9434,449,tf
3288,449,tf
256,449,tf
225,449,tf
223,449,tf
201,449,tf
2,449,tf
74104,448,tf
72861,448,tf
70988,448,tf
70657,448,tf
56857,448,tf
52846,448,tf
49173,448,tf
44766,448,tf
27950,448,tf
25413,448,tf
12279,448,tf
11529,448,tf
10345,448,tf
9844,448,tf
9434,448,tf
8647,448,tf
3288,448,tf
256,448,tf
225,448,tf
223,448,tf
201,448,tf
2,448,tf
3288,447,tf
223,447,tf
2,447,tf
72861,446,tf
10345,446,tf
9434,446,tf
3288,446,tf
256,446,tf
225,446,tf
223,446,tf
2,446,tf
78482,445,tf
72861,445,tf
71017,445,tf
70988,445,tf
70739,445,tf
56857,445,tf
52846,445,tf
49173,445,tf
27950,445,tf
25413,445,tf
12279,445,tf
10345,445,tf
9844,445,tf
9434,445,tf
3288,445,tf
256,445,tf
225,445,tf
223,445,tf
2,445,tf
78482,442,tf
52846,442,tf
49173,442,tf
27950,442,tf
9844,442,tf
8647,442,tf
256,442,tf
225,442,tf
223,442,tf
198,442,tf
2,442,tf
223,440,tf
83202,439,tf
78412,439,tf
70988,439,tf
70739,439,tf
56857,439,tf
52846,439,tf
49173,439,tf
25413,439,tf
11529,439,tf
10345,439,tf
9434,439,tf
256,439,tf
225,439,tf
223,439,tf
198,439,tf
2,439,tf
9434,438,tf
3288,438,tf
256,438,tf
223,438,tf
201,438,tf
198,438,tf
2,438,tf
71017,437,tf
70988,437,tf
70739,437,tf
56857,437,tf
25413,437,tf
10345,437,tf
9844,437,tf
9434,437,tf
3288,437,tf
474,437,tf
256,437,tf
223,437,tf
201,437,tf
198,437,tf
2,437,tf
84167,436,tf
74104,436,tf
71017,436,tf
70988,436,tf
70739,436,tf
70657,436,tf
67668,436,tf
56857,436,tf
52846,436,tf
49173,436,tf
44766,436,tf
25413,436,tf
12279,436,tf
11529,436,tf
10345,436,tf
9844,436,tf
9434,436,tf
3288,436,tf
562,436,tf
474,436,tf
256,436,tf
225,436,tf
223,436,tf
201,436,tf
198,436,tf
2,436,tf
10345,435,tf
9434,435,tf
3288,435,tf
256,435,tf
223,435,tf
198,435,tf
2,435,tf
72861,434,tf
70739,434,tf
49173,434,tf
11529,434,tf
10345,434,tf
9434,434,tf
3288,434,tf
256,434,tf
225,434,tf
223,434,tf
201,434,tf
198,434,tf
2,434,tf
78412,433,tf
72861,433,tf
71017,433,tf
70988,433,tf
70739,433,tf
70657,433,tf
67668,433,tf
56857,433,tf
52846,433,tf
49173,433,tf
44766,433,tf
25413,433,tf
12279,433,tf
11529,433,tf
10345,433,tf
9844,433,tf
9434,433,tf
3288,433,tf
256,433,tf
225,433,tf
223,433,tf
201,433,tf
198,433,tf
2,433,tf
70988,432,tf
70739,432,tf
49173,432,tf
70988,431,tf
70739,431,tf
49173,431,tf
8647,431,tf
223,431,tf
2,431,tf
81665,430,tf
80063,430,tf
78482,430,tf
71017,430,tf
70988,430,tf
70739,430,tf
70657,430,tf
56857,430,tf
52846,430,tf
49173,430,tf
44766,430,tf
25413,430,tf
12279,430,tf
9434,430,tf
8647,430,tf
3288,430,tf
256,430,tf
225,430,tf
223,430,tf
201,430,tf
2,430,tf
70988,429,tf
9844,429,tf
9434,429,tf
3288,429,tf
223,429,tf
2,429,tf
70988,428,tf
56857,428,tf
49173,428,tf
25413,428,tf
9844,428,tf
9434,428,tf
3288,428,tf
223,428,tf
201,428,tf
2,428,tf
74104,427,tf
72861,427,tf
71017,427,tf
70988,427,tf
56857,427,tf
49173,427,tf
44766,427,tf
27950,427,tf
25413,427,tf
10345,427,tf
9844,427,tf
9434,427,tf
3288,427,tf
3182,427,tf
474,427,tf
256,427,tf
225,427,tf
223,427,tf
201,427,tf
198,427,tf
2,427,tf
11529,426,tf
10345,426,tf
3288,426,tf
256,426,tf
201,426,tf
2,426,tf
71017,425,tf
67668,425,tf
11529,425,tf
10345,425,tf
3288,425,tf
474,425,tf
256,425,tf
201,425,tf
198,425,tf
2,425,tf
78482,424,tf
74104,424,tf
71017,424,tf
70988,424,tf
70739,424,tf
70657,424,tf
67668,424,tf
56857,424,tf
52846,424,tf
49173,424,tf
44766,424,tf
27950,424,tf
25413,424,tf
11529,424,tf
10345,424,tf
9434,424,tf
3288,424,tf
562,424,tf
474,424,tf
256,424,tf
225,424,tf
223,424,tf
201,424,tf
198,424,tf
2,424,tf
9844,423,tf
9434,423,tf
3288,423,tf
223,423,tf
2,423,tf
70988,422,tf
56857,422,tf
25413,422,tf
9844,422,tf
9434,422,tf
3288,422,tf
225,422,tf
223,422,tf
201,422,tf
2,422,tf
78412,421,tf
70988,421,tf
70739,421,tf
70657,421,tf
56857,421,tf
49173,421,tf
44766,421,tf
27950,421,tf
25413,421,tf
11529,421,tf
10345,421,tf
9844,421,tf
9434,421,tf
3288,421,tf
256,421,tf
225,421,tf
223,421,tf
201,421,tf
198,421,tf
2,421,tf
72861,420,tf
11529,420,tf
2,420,tf
72861,419,tf
70657,419,tf
44766,419,tf
11529,419,tf
3288,419,tf
201,419,tf
2,419,tf
78482,418,tf
74104,418,tf
72861,418,tf
71017,418,tf
70739,418,tf
70657,418,tf
67668,418,tf
49173,418,tf
44766,418,tf
25413,418,tf
11529,418,tf
10345,418,tf
9844,418,tf
9434,418,tf
3288,418,tf
256,418,tf
225,418,tf
223,418,tf
201,418,tf
2,418,tf
223,413,tf
49173,412,tf
225,412,tf
223,412,tf
201,412,tf
198,412,tf
2,411,tf
223,410,tf
2,410,tf
83202,409,tf
78482,409,tf
78412,409,tf
74104,409,tf
71017,409,tf
70988,409,tf
70739,409,tf
70657,409,tf
59359,409,tf
56857,409,tf
49173,409,tf
25413,409,tf
11529,409,tf
10345,409,tf
9434,409,tf
3288,409,tf
225,409,tf
223,409,tf
201,409,tf
2,409,tf
256,408,tf
2,408,tf
71017,407,tf
256,407,tf
223,407,tf
2,407,tf
84167,406,tf
81665,406,tf
74104,406,tf
71017,406,tf
70657,406,tf
56857,406,tf
52846,406,tf
49173,406,tf
44766,406,tf
27950,406,tf
25413,406,tf
9434,406,tf
3288,406,tf
256,406,tf
225,406,tf
223,406,tf
2,406,tf
71017,405,tf
44766,405,tf
11529,405,tf
3288,405,tf
2,405,tf
71017,404,tf
44766,404,tf
11529,404,tf
9434,404,tf
3288,404,tf
2,404,tf
78482,403,tf
72861,403,tf
71017,403,tf
70988,403,tf
70739,403,tf
70657,403,tf
67668,403,tf
52846,403,tf
49173,403,tf
44766,403,tf
11529,403,tf
9434,403,tf
3288,403,tf
562,403,tf
474,403,tf
256,403,tf
225,403,tf
223,403,tf
201,403,tf
2,403,tf
223,402,tf
201,402,tf
198,402,tf
49173,401,tf
44766,401,tf
3288,401,tf
474,401,tf
223,401,tf
201,401,tf
198,401,tf
2,401,tf
84167,400,tf
81665,400,tf
74104,400,tf
70988,400,tf
70739,400,tf
49173,400,tf
44766,400,tf
12279,400,tf
10345,400,tf
9434,400,tf
8647,400,tf
3288,400,tf
474,400,tf
225,400,tf
223,400,tf
201,400,tf
198,400,tf
2,400,tf
52846,397,tf
3288,396,tf
223,396,tf
198,396,tf
44766,395,tf
9434,395,tf
3288,395,tf
474,395,tf
223,395,tf
198,395,tf
2,395,tf
74104,394,tf
71017,394,tf
70988,394,tf
70739,394,tf
56857,394,tf
52846,394,tf
49173,394,tf
44766,394,tf
25413,394,tf
10345,394,tf
9434,394,tf
3288,394,tf
474,394,tf
256,394,tf
225,394,tf
223,394,tf
201,394,tf
198,394,tf
2,394,tf
223,393,tf
198,393,tf
52846,392,tf
44766,392,tf
9434,392,tf
3288,392,tf
474,392,tf
223,392,tf
201,392,tf
198,392,tf
71017,391,tf
70739,391,tf
56857,391,tf
52846,391,tf
49173,391,tf
44766,391,tf
12279,391,tf
10345,391,tf
9434,391,tf
3288,391,tf
474,391,tf
225,391,tf
223,391,tf
201,391,tf
198,391,tf
2,391,tf
2,390,tf
201,389,tf
2,389,tf
67668,388,tf
44766,388,tf
11529,388,tf
9434,388,tf
3288,388,tf
201,388,tf
2,388,tf
9434,387,tf
225,387,tf
201,387,tf
2,387,tf
25413,386,tf
9434,386,tf
3288,386,tf
256,386,tf
225,386,tf
201,386,tf
2,386,tf
83202,385,tf
80063,385,tf
78482,385,tf
70988,385,tf
67668,385,tf
56857,385,tf
52846,385,tf
27950,385,tf
25413,385,tf
11529,385,tf
9434,385,tf
8647,385,tf
3288,385,tf
256,385,tf
225,385,tf
223,385,tf
201,385,tf
2,385,tf
223,382,tf
74104,380,tf
70739,380,tf
44766,380,tf
78482,379,tf
74104,379,tf
71017,379,tf
70988,379,tf
70739,379,tf
56857,379,tf
50111,379,tf
49173,379,tf
44766,379,tf
12279,379,tf
9844,379,tf
9434,379,tf
8647,379,tf
223,379,tf
2,379,tf
52846,378,tf
3288,378,tf
223,378,tf
2,378,tf
52846,377,tf
3288,377,tf
256,377,tf
223,377,tf
2,377,tf
80063,376,tf
78412,376,tf
71017,376,tf
70988,376,tf
70657,376,tf
65338,376,tf
52846,376,tf
49173,376,tf
44766,376,tf
27950,376,tf
25413,376,tf
11529,376,tf
10345,376,tf
9434,376,tf
3288,376,tf
562,376,tf
256,376,tf
225,376,tf
223,376,tf
2,376,tf
10345,375,tf
223,375,tf
2,375,tf
25413,374,tf
10345,374,tf
9844,374,tf
9434,374,tf
223,374,tf
2,374,tf
80063,373,tf
78482,373,tf
74104,373,tf
72861,373,tf
71017,373,tf
70988,373,tf
70739,373,tf
59359,373,tf
56857,373,tf
52846,373,tf
44766,373,tf
27950,373,tf
25413,373,tf
11529,373,tf
10345,373,tf
9844,373,tf
9434,373,tf
8647,373,tf
3288,373,tf
225,373,tf
223,373,tf
201,373,tf
198,373,tf
2,373,tf
2,372,tf
56857,371,tf
9434,371,tf
2,371,tf
78412,370,tf
74104,370,tf
71017,370,tf
70988,370,tf
70739,370,tf
70657,370,tf
56857,370,tf
49173,370,tf
27950,370,tf
10345,370,tf
9434,370,tf
3288,370,tf
225,370,tf
223,370,tf
201,370,tf
2,370,tf
201,369,tf
201,368,tf
9434,367,tf
3288,367,tf
225,367,tf
223,367,tf
201,367,tf
2,367,tf
70988,366,tf
256,366,tf
201,366,tf
70988,365,tf
56857,365,tf
9434,365,tf
256,365,tf
201,365,tf
2,365,tf
71017,364,tf
70988,364,tf
70739,364,tf
67668,364,tf
56857,364,tf
44766,364,tf
12279,364,tf
9844,364,tf
9434,364,tf
3288,364,tf
256,364,tf
201,364,tf
2,364,tf
256,363,tf
44766,362,tf
256,362,tf
201,362,tf
70988,361,tf
70657,361,tf
67668,361,tf
56857,361,tf
44766,361,tf
12279,361,tf
9844,361,tf
9434,361,tf
3288,361,tf
256,361,tf
201,361,tf
3288,360,tf
225,360,tf
70739,359,tf
3288,359,tf
225,359,tf
2,359,tf
72861,358,tf
71017,358,tf
70988,358,tf
70739,358,tf
70657,358,tf
67668,358,tf
56857,358,tf
52846,358,tf
44766,358,tf
27950,358,tf
25413,358,tf
12279,358,tf
9434,358,tf
8647,358,tf
3288,358,tf
225,358,tf
201,358,tf
2,358,tf
3288,357,tf
225,357,tf
198,357,tf
3288,356,tf
225,356,tf
201,356,tf
198,356,tf
2,356,tf
78482,355,tf
71017,355,tf
70739,355,tf
70657,355,tf
44766,355,tf
27950,355,tf
12279,355,tf
10345,355,tf
9434,355,tf
3288,355,tf
562,355,tf
225,355,tf
201,355,tf
198,355,tf
2,355,tf
201,354,tf
201,353,tf
2,353,tf
70988,352,tf
67668,352,tf
49173,352,tf
10345,352,tf
9434,352,tf
474,352,tf
256,352,tf
225,352,tf
201,352,tf
2,352,tf
9434,351,tf
201,351,tf
2,351,tf
71017,350,tf
11529,350,tf
9434,350,tf
3288,350,tf
256,350,tf
201,350,tf
2,350,tf
71017,349,tf
70988,349,tf
70739,349,tf
70657,349,tf
44766,349,tf
11529,349,tf
9434,349,tf
3288,349,tf
256,349,tf
201,349,tf
198,349,tf
2,349,tf
44766,348,tf
10345,348,tf
2,348,tf
44766,347,tf
25413,347,tf
10345,347,tf
2,347,tf
84167,346,tf
78482,346,tf
78412,346,tf
74104,346,tf
71017,346,tf
70988,346,tf
70739,346,tf
70657,346,tf
67668,346,tf
59359,346,tf
56857,346,tf
44766,346,tf
27950,346,tf
25413,346,tf
24304,346,tf
10345,346,tf
9434,346,tf
3288,346,tf
201,346,tf
198,346,tf
2,346,tf
3288,345,tf
71017,344,tf
56857,344,tf
3288,344,tf
2,344,tf
84167,343,tf
81665,343,tf
74104,343,tf
71017,343,tf
70657,343,tf
56857,343,tf
9434,343,tf
3288,343,tf
223,343,tf
2,343,tf
9434,342,tf
201,342,tf
2,342,tf
44766,341,tf
9844,341,tf
9434,341,tf
3288,341,tf
201,341,tf
2,341,tf
78482,340,tf
74104,340,tf
71697,340,tf
71017,340,tf
70988,340,tf
70739,340,tf
70657,340,tf
67668,340,tf
56857,340,tf
56694,340,tf
44766,340,tf
12279,340,tf
10345,340,tf
9844,340,tf
9434,340,tf
3288,340,tf
562,340,tf
223,340,tf
201,340,tf
2,340,tf
25413,339,tf
2,339,tf
44766,338,tf
25413,338,tf
3288,338,tf
256,338,tf
201,338,tf
2,338,tf
80063,337,tf
78482,337,tf
70988,337,tf
70739,337,tf
70657,337,tf
67668,337,tf
56857,337,tf
52846,337,tf
49173,337,tf
44766,337,tf
27950,337,tf
25413,337,tf
21455,337,tf
12279,337,tf
11529,337,tf
9844,337,tf
8647,337,tf
3288,337,tf
474,337,tf
256,337,tf
225,337,tf
223,337,tf
201,337,tf
2,337,tf
10345,336,tf
9434,336,tf
201,336,tf
198,336,tf
2,336,tf
10345,335,tf
9434,335,tf
201,335,tf
198,335,tf
2,335,tf
70739,334,tf
67668,334,tf
52846,334,tf
44766,334,tf
12279,334,tf
11529,334,tf
10345,334,tf
9844,334,tf
9434,334,tf
3288,334,tf
256,334,tf
225,334,tf
223,334,tf
201,334,tf
198,334,tf
2,334,tf
256,333,tf
201,333,tf
2,333,tf
70739,332,tf
12279,332,tf
9844,332,tf
256,332,tf
223,332,tf
201,332,tf
2,332,tf
81665,331,tf
78412,331,tf
70988,331,tf
70739,331,tf
52846,331,tf
49173,331,tf
44766,331,tf
25413,331,tf
12279,331,tf
9844,331,tf
9434,331,tf
3288,331,tf
562,331,tf
474,331,tf
256,331,tf
225,331,tf
223,331,tf
201,331,tf
198,331,tf
2,331,tf
10345,330,tf
9434,330,tf
3288,330,tf
2,330,tf
52846,329,tf
44766,329,tf
25413,329,tf
10345,329,tf
9434,329,tf
3288,329,tf
223,329,tf
2,329,tf
84167,328,tf
81665,328,tf
71017,328,tf
70739,328,tf
67668,328,tf
52846,328,tf
44766,328,tf
25413,328,tf
12279,328,tf
11529,328,tf
10345,328,tf
9434,328,tf
3288,328,tf
562,328,tf
225,328,tf
223,328,tf
2,328,tf
44766,327,tf
9844,327,tf
256,327,tf
223,327,tf
2,327,tf
70739,326,tf
44766,326,tf
12279,326,tf
9844,326,tf
9434,326,tf
256,326,tf
223,326,tf
2,326,tf
81665,325,tf
74104,325,tf
70988,325,tf
70739,325,tf
70657,325,tf
56857,325,tf
44766,325,tf
25413,325,tf
12279,325,tf
11529,325,tf
10345,325,tf
9844,325,tf
9434,325,tf
3288,325,tf
562,325,tf
474,325,tf
256,325,tf
225,325,tf
223,325,tf
201,325,tf
2,325,tf
223,324,tf
201,324,tf
44766,323,tf
3288,323,tf
223,323,tf
201,323,tf
81665,322,tf
78412,322,tf
74104,322,tf
71017,322,tf
70988,322,tf
70739,322,tf
70657,322,tf
67668,322,tf
56857,322,tf
44766,322,tf
27950,322,tf
25413,322,tf
12279,322,tf
10345,322,tf
9434,322,tf
3288,322,tf
562,322,tf
474,322,tf
256,322,tf
225,322,tf
223,322,tf
201,322,tf
2,322,tf
52846,321,tf
10345,321,tf
474,321,tf
223,321,tf
71017,320,tf
56857,320,tf
52846,320,tf
10345,320,tf
9434,320,tf
474,320,tf
223,320,tf
201,320,tf
78412,319,tf
74104,319,tf
71017,319,tf
70988,319,tf
70739,319,tf
70657,319,tf
56857,319,tf
52846,319,tf
49173,319,tf
44766,319,tf
10345,319,tf
9434,319,tf
562,319,tf
474,319,tf
223,319,tf
201,319,tf
2,319,tf
9434,318,tf
223,318,tf
2,318,tf
9434,317,tf
223,317,tf
2,317,tf
81665,316,tf
78482,316,tf
78412,316,tf
74104,316,tf
70988,316,tf
70739,316,tf
70657,316,tf
56857,316,tf
49173,316,tf
44766,316,tf
25413,316,tf
12279,316,tf
10345,316,tf
9434,316,tf
3288,316,tf
256,316,tf
223,316,tf
201,316,tf
198,316,tf
2,316,tf
9844,315,tf
223,315,tf
198,315,tf
70988,314,tf
9844,314,tf
3288,314,tf
223,314,tf
201,314,tf
198,314,tf
81665,313,tf
72861,313,tf
71017,313,tf
70988,313,tf
67668,313,tf
66191,313,tf
27950,313,tf
25413,313,tf
12279,313,tf
10345,313,tf
9844,313,tf
9434,313,tf
3288,313,tf
225,313,tf
223,313,tf
201,313,tf
198,313,tf
2,313,tf
474,312,tf
256,312,tf
2,312,tf
70739,311,tf
52846,311,tf
49173,311,tf
9434,311,tf
8647,311,tf
474,311,tf
256,311,tf
2,311,tf
81665,310,tf
71017,310,tf
70988,310,tf
70739,310,tf
52846,310,tf
49173,310,tf
44766,310,tf
25413,310,tf
12279,310,tf
9844,310,tf
9434,310,tf
8647,310,tf
562,310,tf
474,310,tf
256,310,tf
225,310,tf
223,310,tf
201,310,tf
2,310,tf
72861,306,tf
10345,306,tf
9434,306,tf
3288,306,tf
201,306,tf
2,306,tf
72861,305,tf
70988,305,tf
11529,305,tf
10345,305,tf
9434,305,tf
3288,305,tf
225,305,tf
201,305,tf
2,305,tf
78412,304,tf
72861,304,tf
71017,304,tf
70988,304,tf
70657,304,tf
52846,304,tf
44766,304,tf
25413,304,tf
11529,304,tf
10345,304,tf
9844,304,tf
9434,304,tf
8647,304,tf
3288,304,tf
256,304,tf
225,304,tf
223,304,tf
201,304,tf
2,304,tf
25413,303,tf
223,303,tf
2,303,tf
70988,302,tf
25413,302,tf
223,302,tf
201,302,tf
2,302,tf
87022,301,tf
81665,301,tf
78412,301,tf
74104,301,tf
71017,301,tf
70988,301,tf
70739,301,tf
67668,301,tf
44766,301,tf
25413,301,tf
12279,301,tf
9844,301,tf
9434,301,tf
256,301,tf
223,301,tf
201,301,tf
198,301,tf
2,301,tf
10345,300,tf
9844,300,tf
9434,300,tf
201,300,tf
198,300,tf
2,300,tf
70988,299,tf
56857,299,tf
49173,299,tf
10345,299,tf
9844,299,tf
9434,299,tf
256,299,tf
201,299,tf
198,299,tf
2,299,tf
81665,298,tf
78412,298,tf
72861,298,tf
71017,298,tf
70988,298,tf
70739,298,tf
70657,298,tf
56857,298,tf
52846,298,tf
49173,298,tf
44766,298,tf
25413,298,tf
12279,298,tf
11529,298,tf
10345,298,tf
9844,298,tf
9434,298,tf
8647,298,tf
3288,298,tf
256,298,tf
223,298,tf
201,298,tf
198,298,tf
2,298,tf
