"id","map","game","xoffset","yoffset","flipx","flipy","rotate","days","brush","scale","font","thumbw","thumbh","cropx1","cropy1","cropx2","cropy2"
1,de_dust2,css,5290.0,4259.0,0,1,0,30,small,6.0,10,0.170312,0.170312,0,0,0,0
2,plr_pipeline,tf,8006.0,9236.0,0,1,0,30,small,13.0,10,0.170312,0.170312,0,0,0,0
3,pl_hoodoo_final,tf,9564.0,5592.0,0,1,0,30,small,14.0,10,0.170312,0.170312,0,0,0,0
4,cp_dustbowl,tf,5109.0,4821.0,0,1,0,30,small,8.0,10,0.170312,0.170312,0,0,0,0
5,ctf_2fort,tf,5112.0,4079.0,0,1,0,30,small,8.0,10,0.170312,0.170312,0,0,0,0
6,pl_goldrush,tf,10669.0,4221.0,0,1,0,30,small,8.0,10,0.170312,0.170312,0,0,0,0
7,cp_egypt_final,tf,9844.0,9241.0,0,1,0,30,small,16.0,10,0.170312,0.170312,0,0,0,0
8,cp_junction_final,tf,4077.0,5145.0,0,1,0,30,small,6.0,10,0.170312,0.170312,0,0,0,0
9,cp_fastlane,tf,7692.0,5622.0,0,1,0,30,small,12.0,10,0.170312,0.170312,0,0,0,0
10,pl_badwater,tf,4269.0,3237.0,0,1,0,30,small,7.0,10,0.170312,0.170312,0,0,0,0
11,cp_steel,tf,4069.0,2637.0,0,1,0,30,small,7.0,10,0.170312,0.170312,0,0,0,0
12,cp_badlands,tf,6205.0,5059.0,0,1,0,30,small,10.0,10,0.170312,0.170312,0,0,0,0
13,cp_granary,tf,9274.0,6088.0,0,1,0,30,small,12.0,10,0.170312,0.170312,0,0,0,0
14,cp_gravelpit,tf,5735.0,5645.0,0,1,0,30,small,6.0,10,0.170312,0.170312,0,0,0,0
15,pl_cashworks_b3a,tf,5500.0,4635.0,0,1,0,30,small,9.0,10,0.170312,0.170312,0,0,0,0
16,cs_office,css,2357.0,1766.0,0,1,0,30,small,4.0,10,0.170312,0.170312,0,0,0,0
17,bg_ambush,bg2,5592.0,1159.0,0,1,0,30,small,8.5,10,0.170312,0.170312,0,0,0,0
18,bg_townguard,bg2,4489.0,2670.0,0,1,0,30,small,5.5,10,0.170312,0.170312,0,0,0,0
19,de_dust,css,3425.0,4022.0,0,1,0,30,small,6.0,10,0.170312,0.170312,0,0,0,0
20,dod_anzio,dods,4031.0,3979.0,0,1,0,30,small,7.0,10,0.170312,0.170312,0,0,0,0
21,dod_argentan,dods,4773.0,2963.0,0,1,0,30,small,6.5,10,0.170312,0.170312,0,0,0,0
22,dod_avalanche,dods,3204.0,2885.0,0,1,0,30,small,5.0,10,0.170312,0.170312,0,0,0,0
23,dod_colmar,dods,5915.0,5373.0,0,1,0,30,small,9.5,10,0.170312,0.170312,0,0,0,0
24,dod_donner,dods,4013.0,1743.0,0,1,0,30,small,6.0,10,0.170312,0.170312,0,0,0,0
25,dod_flash,dods,3895.0,2330.0,0,1,0,30,small,5.5,10,0.170312,0.170312,0,0,0,0
26,dod_jagd,dods,3592.0,3082.0,0,1,0,30,small,6.6,10,0.170312,0.170312,0,0,0,0
27,dod_kalt,dods,777.0,6987.0,0,1,0,30,small,6.0,10,0.170312,0.170312,0,0,0,0
28,dod_palermo,dods,2494.0,3797.0,0,1,0,30,small,6.5,10,0.170312,0.170312,0,0,0,0
29,ins_abdallah,insmod,7508.0,2723.0,0,1,0,30,small,9.5,10,0.170312,0.170312,0,0,0,0
30,ins_almaden,insmod,2881.0,3200.0,0,1,0,30,small,7.0,10,0.170312,0.170312,0,0,0,0
31,ins_bagdad,insmod,9166.0,4578.0,0,1,0,30,small,10.0,10,0.170312,0.170312,0,0,0,0
32,ins_buhriz,insmod,11943.0,8220.0,0,1,0,30,small,16.0,10,0.170312,0.170312,0,0,0,0
33,ins_haditha,insmod,5582.0,2630.0,0,1,0,30,small,6.0,10,0.170312,0.170312,0,0,0,0
34,ins_haditha_night,insmod,5582.0,2630.0,0,1,0,30,small,6.0,10,0.170312,0.170312,0,0,0,0
35,ins_hillah,insmod,6755.0,3550.0,0,1,0,30,small,11.5,10,0.170312,0.170312,0,0,0,0
36,ins_karkar,insmod,10355.0,1306.0,0,1,0,30,small,13.0,10,0.170312,0.170312,0,0,0,0
37,ins_ramadi,insmod,5069.0,1430.0,0,1,0,30,small,6.0,10,0.170312,0.170312,0,0,0,0
38,ins_samawah,insmod,2947.0,2112.0,0,1,0,30,small,7.0,10,0.170312,0.170312,0,0,0,0
39,ins_sinjar,insmod,7427.0,6887.0,0,1,0,30,small,11.0,10,0.170312,0.170312,0,0,0,0
40,ins_samawah_day,insmod,2809.0,2152.0,0,1,0,30,small,7.0,10,0.170312,0.170312,0,0,0,0
41,arena_badlands,tf,5125.0,4119.0,0,1,0,30,small,8.0,10,0.170312,0.170312,0,0,0,0
42,arena_granary,tf,6759.0,4013.0,0,1,0,30,small,8.0,10,0.170312,0.170312,0,0,0,0
43,arena_lumberyard,tf,6616.0,5421.0,0,1,0,30,small,7.0,10,0.170312,0.170312,0,0,0,0
44,arena_nucleus,tf,2562.0,1940.0,0,1,0,30,small,4.0,10,0.170312,0.170312,0,0,0,0
45,arena_ravine,tf,2647.0,3547.0,0,1,0,30,small,6.0,10,0.170312,0.170312,0,0,0,0
46,arena_sawmill,tf,4551.0,4259.0,0,1,0,30,small,8.5,10,0.170312,0.170312,0,0,0,0
47,arena_watchtower,tf,3789.0,3075.0,0,1,0,30,small,6.0,10,0.170312,0.170312,0,0,0,0
48,arena_well,tf,5331.0,3389.0,0,1,0,30,small,6.0,10,0.170312,0.170312,0,0,0,0
49,ctf_turbine,tf,4496.0,3593.0,0,1,0,30,small,7.0,10,0.170312,0.170312,0,0,0,0
50,ctf_well,tf,6437.0,5123.0,0,1,0,30,small,10.0,10,0.170312,0.170312,0,0,0,0
51,tc_hydro,tf,6038.0,4348.0,0,1,0,30,small,10.0,10,0.170312,0.170312,0,0,0,0
52,cp_castle4,tf,4120.0,7826.0,0,1,0,30,small,11.0,10,0.170312,0.170312,0,0,0,0
53,cp_follower,tf,8871.0,6631.0,0,1,0,30,small,13.0,10,0.170312,0.170312,0,0,0,0
54,cp_labor,tf,5788.0,3873.0,0,1,0,30,small,9.0,10,0.170312,0.170312,0,0,0,0
55,cp_stag,tf,5099.0,4021.0,0,1,0,30,small,8.0,10,0.170312,0.170312,0,0,0,0
56,ctf_chaos,tf,3899.0,3214.0,0,1,0,30,small,6.0,10,0.170312,0.170312,0,0,0,0
57,dom_canalzone,tf,4044.0,3664.0,0,1,0,30,small,6.5,10,0.170312,0.170312,0,0,0,0
58,pl_frontier,tf,6094.0,4051.0,0,1,0,30,small,9.0,10,0.170312,0.170312,0,0,0,0
59,pl_halfacre,tf,5098.0,5920.0,0,1,0,30,small,10.0,10,0.170312,0.170312,0,0,0,0
60,pl_jungle_a1c,tf,3024.0,5391.0,0,1,0,30,small,9.0,10,0.170312,0.170312,0,0,0,0
61,pl_strider_v1,tf,7109.0,4078.0,0,1,0,30,small,7.5,10,0.170312,0.170312,0,0,0,0
62,cp_warpath_v3,tf,3995.0,3298.0,0,1,0,30,small,6.5,10,0.170312,0.170312,0,0,0,0
63,grubas_nabijacz!_v6,tf,2004.0,2478.0,0,1,0,30,small,4.0,10,0.170312,0.170312,0,0,0,0
64,cp_boulder_v5,tf,9562.0,12307.0,0,1,0,30,small,16.0,10,0.170312,0.170312,0,0,0,0
65,cp_broma,tf,5261.0,3192.0,0,1,0,30,small,5.0,10,0.170312,0.170312,0,0,0,0
66,cp_busytown,tf,6413.0,5961.0,0,1,0,30,small,11.0,10,0.170312,0.170312,0,0,0,0
67,cp_roswell,tf,2809.0,4448.0,0,1,0,30,small,6.5,10,0.170312,0.170312,0,0,0,0
68,cp_vertigo_beta3,tf,3584.0,3108.0,0,1,0,30,small,6.0,10,0.170312,0.170312,0,0,0,0
69,cp_wolf2_b1,tf,2182.0,3838.0,0,1,0,30,small,6.0,10,0.170312,0.170312,0,0,0,0
70,ctf_convoy_v2,tf,3732.0,2694.0,0,1,0,30,small,5.0,10,0.170312,0.170312,0,0,0,0
71,cp_well,tf,10371.0,7681.0,0,1,0,30,small,15.0,10,0.170312,0.170312,0,0,0,0
72,cp_furnace_b2,tf,4667.0,4823.0,0,1,0,30,small,8.0,10,0.170312,0.170312,0,0,0,0
73,pl_borax_b2,tf,5252.0,593.0,0,1,0,30,small,10.0,10,0.170312,0.170312,0,0,0,0
74,cp_jailbreak_b3,tf,8570.0,-702.0,0,1,0,30,small,9.0,10,0.170312,0.170312,0,0,0,0
75,cp_desertfortress,tf,3675.0,3269.0,0,1,0,30,small,6.0,10,0.170312,0.170312,0,0,0,0
76,koth_viaduct,tf,7074.0,3773.0,0,1,0,30,small,8.0,10,0.170312,0.170312,0,0,0,0
77,koth_sawmill,tf,4604.0,4094.0,0,1,0,30,small,8.0,10,0.170312,0.170312,0,0,0,0
78,koth_nucleus,tf,3156.0,2520.0,0,1,0,30,small,5.0,10,0.170312,0.170312,0,0,0,0
79,ctf_sawmill,tf,4603.0,4073.0,0,1,0,30,small,8.0,10,0.170312,0.170312,0,0,0,0
80,arena_offblast_final,tf,1920.0,1536.0,0,1,0,30,small,3.0,10,0.170312,0.170312,0,0,0,0
81,cp_yukon_final,tf,6602.0,5123.0,0,1,0,30,small,10.0,10,0.170312,0.170312,0,0,0,0
82,"2tpl_mine_alpine",tf,1238.0,1462.0,0,1,0,30,small,4.0,10,0.170312,0.170312,0,0,0,0
83,cp_blackmesa,tf,4110.0,1755.0,0,1,0,30,small,5.0,10,0.170312,0.170312,0,0,0,0
84,cp_bloodstained,tf,7182.0,5447.0,0,1,0,30,small,12.0,10,0.170312,0.170312,0,0,0,0
85,cp_corporation_b2,tf,5272.0,3113.0,0,1,0,30,small,7.0,10,0.170312,0.170312,0,0,0,0
86,cp_frontline_a1,tf,6534.0,6439.0,0,1,0,30,small,9.0,10,0.170312,0.170312,0,0,0,0
87,cp_furnace_b3,tf,6114.0,5236.0,0,1,0,30,small,9.0,10,0.170312,0.170312,0,0,0,0
88,cp_freight,tf,4470.0,3520.0,0,1,0,30,small,7.0,10,0.170312,0.170312,0,0,0,0
89,cp_freight_final,tf,4477.0,3517.0,0,1,0,30,small,7.0,10,0.170312,0.170312,0,0,0,0
90,fy_iceworld,tf,1600.0,1279.0,0,1,0,30,small,2.5,10,0.170312,0.170312,0,0,0,0
91,cp_orange_x3,tf,5321.0,7321.0,0,1,0,30,small,7.0,10,0.170312,0.170312,0,0,0,0
92,de_train,css,2616.0,2619.0,0,1,0,30,small,4.5,10,0.170312,0.170312,0,0,0,0
93,de_tides,css,2385.0,1589.0,0,1,0,30,small,3.7,10,0.170312,0.170312,0,0,0,0
94,de_prodigy,css,1025.0,2198.0,0,1,0,30,small,5.0,10,0.170312,0.170312,0,0,0,0
95,de_port,css,4189.0,4131.0,0,1,0,30,small,8.0,10,0.170312,0.170312,0,0,0,0
96,de_piranesi,css,3082.0,3239.0,0,1,0,30,small,5.0,10,0.170312,0.170312,0,0,0,0
97,de_nuke,css,3541.0,1856.0,0,1,0,30,small,6.0,10,0.170312,0.170312,0,0,0,0
98,de_inferno,css,3336.0,4252.0,0,1,0,30,small,6.0,10,0.170312,0.170312,0,0,0,0
99,de_chateau,css,2121.0,3074.0,0,1,0,30,small,4.5,10,0.170312,0.170312,0,0,0,0
100,de_cbble,css,4704.0,3587.0,0,1,0,30,small,6.0,10,0.170312,0.170312,0,0,0,0
101,de_aztec,css,4235.0,3430.0,0,1,0,30,small,6.0,10,0.170312,0.170312,0,0,0,0
102,cs_militia,css,2838.0,2745.0,0,1,0,30,small,6.0,10,0.170312,0.170312,0,0,0,0
103,cs_italy,css,3071.0,2920.0,0,1,0,30,small,5.0,10,0.170312,0.170312,0,0,0,0
104,cs_havana,css,2958.0,2678.0,0,1,0,30,small,5.0,10,0.170312,0.170312,0,0,0,0
105,cs_compound,css,1734.0,3943.0,0,1,0,30,small,7.0,10,0.170312,0.170312,0,0,0,0
106,cs_assault,css,2467.0,8268.0,0,0,0,30,small,5.0,10,0.170312,0.170312,0,0,0,0
107,de_alberta,css,4187.0,2071.0,0,1,0,30,small,5.0,10,0.170312,0.170312,0,0,0,0
108,de_alivemetal,css,1158.0,1221.0,0,1,0,30,small,2.9,10,0.170312,0.170312,0,0,0,0
109,de_boston,css,3116.0,1189.0,0,1,0,30,small,4.4,10,0.170312,0.170312,0,0,0,0
110,de_carpediem_arena,css,1961.0,1262.0,0,1,0,30,small,3.2,10,0.170312,0.170312,0,0,0,0
111,de_deltamill2,css,2388.0,652.0,0,1,0,30,small,4.0,10,0.170312,0.170312,0,0,0,0
112,de_gristmill,css,1724.0,-72.0,0,1,0,30,small,2.7,10,0.170312,0.170312,0,0,0,0
113,de_losttemple_pro,css,2495.0,1838.0,0,1,0,30,small,5.1,10,0.170312,0.170312,0,0,0,0
114,de_nightfever,css,3262.0,4871.0,0,1,0,30,small,6.0,10,0.170312,0.170312,0,0,0,0
115,de_pira_legos,css,2964.0,3027.0,0,1,0,30,small,4.3,10,0.170312,0.170312,0,0,0,0
116,de_rumpeldust2,css,3678.0,3925.0,0,1,0,30,small,5.0,10,0.170312,0.170312,0,0,0,0
117,de_sandland,css,2795.0,2344.0,0,1,0,30,small,4.6,10,0.170312,0.170312,0,0,0,0
118,de_snowcapped,css,2248.0,2633.0,0,1,0,30,small,4.0,10,0.170312,0.170312,0,0,0,0
119,de_toxin,css,3394.0,2023.0,0,1,0,30,small,5.4,10,0.170312,0.170312,0,0,0,0
120,de_winery_final,css,2911.0,2014.0,0,1,0,30,small,4.0,10,0.170312,0.170312,0,0,0,0
121,fy_twotowers,css,591.0,1561.0,1,1,0,30,small,2.5,10,0.170312,0.170312,0,0,0,0
122,fy_twotowers32,css,591.0,1561.0,1,1,0,30,small,2.5,10,0.170312,0.170312,0,0,0,0
123,fy_twotowers2009,css,591.0,1561.0,1,1,0,30,small,2.5,10,0.170312,0.170312,0,0,0,0
124,dm_lockdown,hl2mp,7301.0,7172.0,0,1,0,30,small,6.0,10,0.170312,0.170312,0,0,0,0
125,dm_overwatch,hl2mp,1997.0,8416.0,0,0,0,30,small,6.0,10,0.170312,0.170312,0,0,0,0
126,dm_powerhouse,hl2mp,2558.0,762.0,0,1,0,30,small,3.5,10,0.170312,0.170312,0,0,0,0
127,dm_resistance,hl2mp,2606.0,2129.0,0,1,0,30,small,4.0,10,0.170312,0.170312,0,0,0,0
128,dm_runoff,hl2mp,5116.0,5210.0,0,0,0,30,small,6.0,10,0.170312,0.170312,0,0,0,0
129,dm_steamlab,hl2mp,3854.0,3471.0,0,1,0,30,small,2.5,10,0.170312,0.170312,0,0,0,0
130,dm_underpass,hl2mp,1611.0,364.0,0,1,0,30,small,2.5,10,0.170312,0.170312,0,0,0,0
131,coop_elpaso,fof,7369.0,4167.0,0,1,0,30,small,8.0,10,0.170312,0.170312,0,0,0,0
132,coop_peligro,fof,10378.0,4070.0,0,1,0,30,small,13.0,10,0.170312,0.170312,0,0,0,0
133,coop_revenge,fof,1687.0,2560.0,0,1,0,30,small,3.5,10,0.170312,0.170312,0,0,0,0
134,coop_sweetwater,fof,2289.0,1565.0,0,1,0,30,small,4.0,10,0.170312,0.170312,0,0,0,0
135,fof_canyonland,fof,6026.0,6913.0,0,1,0,30,small,10.0,10,0.170312,0.170312,0,0,0,0
136,fof_desert,fof,5996.0,2255.0,0,1,0,30,small,6.0,10,0.170312,0.170312,0,0,0,0
137,fof_desperados,fof,613.0,-645.0,0,1,0,30,small,5.0,10,0.170312,0.170312,0,0,0,0
138,fof_eliminator,fof,5944.0,7040.0,0,1,0,30,small,10.0,10,0.170312,0.170312,0,0,0,0
139,fof_eliminator_lite,fof,3306.0,4981.0,0,1,0,30,small,6.0,10,0.170312,0.170312,0,0,0,0
140,fof_elpaso,fof,7031.0,4138.0,0,1,0,30,small,8.0,10,0.170312,0.170312,0,0,0,0
141,fof_loothill,fof,6196.0,5624.0,0,1,0,30,small,10.0,10,0.170312,0.170312,0,0,0,0
142,fof_monumentvalley,fof,2563.0,6738.0,0,1,0,30,small,12.0,10,0.170312,0.170312,0,0,0,0
143,fof_nowhere,fof,4977.0,1796.0,0,1,0,30,small,5.5,10,0.170312,0.170312,0,0,0,0
144,fof_peligro,fof,4913.0,4044.0,0,1,0,30,small,8.0,10,0.170312,0.170312,0,0,0,0
145,fof_peligro_lite,fof,3983.0,3030.0,0,1,0,30,small,6.0,10,0.170312,0.170312,0,0,0,0
146,fof_presidio,fof,3149.0,1539.0,0,1,0,30,small,6.0,10,0.170312,0.170312,0,0,0,0
147,fof_revenge,fof,1685.0,2584.0,0,1,0,30,small,3.5,10,0.170312,0.170312,0,0,0,0
148,fof_sweetwater,fof,2289.0,1565.0,0,1,0,30,small,4.0,10,0.170312,0.170312,0,0,0,0
149,fof_tijuana,fof,3692.0,3638.0,0,1,0,30,small,6.0,10,0.170312,0.170312,0,0,0,0
150,fof_tramonto,fof,4743.0,2026.0,0,1,0,30,small,5.0,10,0.170312,0.170312,0,0,0,0
151,fof_tramonto_lite,fof,3465.0,1094.0,0,1,0,30,small,3.0,10,0.170312,0.170312,0,0,0,0
152,as_oilrig,cstrike,588.81,-730.75,0,0,0,30,small,2.48,10,0.170312,0.170312,0,0,0,0
153,cs_747,cstrike,64.0,-608.0,0,1,0,30,small,1.5,10,0.170312,0.170312,0,0,0,0
154,cs_assault,cstrike,720.0,1024.0,0,1,0,30,small,1.54,10,0.170312,0.170312,0,0,0,0
155,cs_backalley,cstrike,148.0,1360.0,0,0,0,30,small,2.08,10,0.170312,0.170312,0,0,0,0
156,cs_estate,cstrike,144.0,-928.0,0,1,0,30,small,2.04,10,0.170312,0.170312,0,0,0,0
157,cs_havana,cstrike,256.0,56.0,0,0,0,30,small,1.38,10,0.170312,0.170312,0,0,0,0
158,cs_italy,cstrike,248.0,16.0,0,1,0,30,small,1.57,10,0.170312,0.170312,0,0,0,0
159,cs_militia,cstrike,621.0,-534.0,0,0,0,30,small,1.69,10,0.170312,0.170312,0,0,0,0
160,cs_office,cstrike,64.0,-260.0,0,1,0,30,small,1.47,10,0.170312,0.170312,0,0,0,0
161,cs_siege,cstrike,564.0,1252.0,0,0,0,30,small,1.15,10,0.170312,0.170312,0,0,0,0
162,de_airstrip,cstrike,1116.0,-368.0,0,1,0,30,small,1.21,10,0.170312,0.170312,0,0,0,0
163,de_aztec,cstrike,447.31,-62.94,0,1,0,30,small,1.12,10,0.170312,0.170312,0,0,0,0
164,de_cbble,cstrike,832.0,576.0,0,1,0,30,small,1.07,10,0.170312,0.170312,0,0,0,0
165,de_chateau,cstrike,1032.0,688.5,0,0,0,30,small,1.46,10,0.170312,0.170312,0,0,0,0
166,de_dust,cstrike,96.0,960.0,0,1,0,30,small,1.1,10,0.170312,0.170312,0,0,0,0
167,de_dust2,cstrike,384.0,1120.0,0,1,0,30,small,1.26,10,0.170312,0.170312,0,0,0,0
168,de_inferno,cstrike,404.0,1312.0,0,0,0,30,small,1.39,10,0.170312,0.170312,0,0,0,0
169,de_nuke,cstrike,244.0,-936.0,0,0,0,30,small,1.14,10,0.170312,0.170312,0,0,0,0
170,de_piranesi,cstrike,48.0,864.0,0,0,0,30,small,1.37,10,0.170312,0.170312,0,0,0,0
171,de_prodigy,cstrike,1476.0,-264.0,0,0,0,30,small,1.94,10,0.170312,0.170312,0,0,0,0
172,de_storm,cstrike,191.0,-104.0,0,0,0,30,small,1.42,10,0.170312,0.170312,0,0,0,0
173,de_survivor,cstrike,832.0,880.0,0,0,0,30,small,1.38,10,0.170312,0.170312,0,0,0,0
174,de_torn,cstrike,112.0,664.0,0,0,0,30,small,1.24,10,0.170312,0.170312,0,0,0,0
175,de_train,cstrike,49.19,156.0,0,0,0,30,small,1.58,10,0.170312,0.170312,0,0,0,0
176,de_vertigo,cstrike,1280.0,-256.0,0,1,0,30,small,2.13,10,0.170312,0.170312,0,0,0,0
177,bg_dusk_patrol,bg2,6504.0,4690.0,0,1,0,30,small,10.0,10,0.170312,0.170312,0,0,0,0
178,bg_fall,bg2,1198.0,2503.0,0,1,0,30,small,4.5,10,0.170312,0.170312,0,0,0,0
179,bg_foothills,bg2,5440.0,5115.0,0,1,0,30,small,8.5,10,0.170312,0.170312,0,0,0,0
180,bg_freemans_farm,bg2,6648.0,5275.0,0,1,0,30,small,10.5,10,0.170312,0.170312,0,0,0,0
181,bg_maricopa,bg2,6398.0,2313.0,0,1,0,30,small,8.0,10,0.170312,0.170312,0,0,0,0
182,bg_pillage,bg2,3746.0,6363.0,0,1,0,30,small,9.5,10,0.170312,0.170312,0,0,0,0
183,bg_pinebarrens,bg2,257.0,6121.0,0,1,0,30,small,7.0,10,0.170312,0.170312,0,0,0,0
184,bg_plateau,bg2,3840.0,3085.0,0,1,0,30,small,6.0,10,0.170312,0.170312,0,0,0,0
185,bg_road,bg2,5149.0,3755.0,0,1,0,30,small,8.5,10,0.170312,0.170312,0,0,0,0
186,bg_snowlake,bg2,6194.0,7018.0,0,1,0,30,small,10.0,10,0.170312,0.170312,0,0,0,0
187,bg_woodland,bg2,4924.0,3236.0,0,1,0,30,small,7.0,10,0.170312,0.170312,0,0,0,0
188,bg_harbourtown,bg2,2123.0,4443.0,0,1,0,30,small,8.0,10,0.170312,0.170312,0,0,0,0
189,aoc_battleground,aoc,4969.0,2889.0,0,1,0,30,small,8.0,10,0.170312,0.170312,0,0,0,0
190,aoc_darkforest,aoc,5984.0,9812.0,0,1,0,30,small,13.0,10,0.170312,0.170312,0,0,0,0
191,aoc_firecrag,aoc,3585.0,10952.0,0,1,0,30,small,12.0,10,0.170312,0.170312,0,0,0,0
192,aoc_helms_deep,aoc,5672.0,2522.0,0,1,0,30,small,7.0,10,0.170312,0.170312,0,0,0,0
193,aoc_invasion,aoc,3979.0,3593.0,0,1,0,30,small,6.0,10,0.170312,0.170312,0,0,0,0
194,aoc_monastery,aoc,5549.0,3561.0,0,1,0,30,small,7.0,10,0.170312,0.170312,0,0,0,0
195,aoc_overlook,aoc,3711.0,2781.0,0,1,0,30,small,6.0,10,0.170312,0.170312,0,0,0,0
196,aoc_siege,aoc,3186.0,4274.0,0,1,0,30,small,7.0,10,0.170312,0.170312,0,0,0,0
197,aoc_sorrow,aoc,4128.0,6654.0,0,1,0,30,small,9.0,10,0.170312,0.170312,0,0,0,0
198,aoc_stoneshill,aoc,7175.0,5685.0,0,1,0,30,small,8.0,10,0.170312,0.170312,0,0,0,0
199,aoc_theshore,aoc,540.0,7698.0,0,0,0,30,small,14.0,10,0.170312,0.170312,0,0,0,0
200,aoc_tombs,aoc,1287.0,995.0,0,1,0,30,small,2.0,10,0.170312,0.170312,0,0,0,0
201,aoc_tournament,aoc,1353.0,1750.0,0,1,0,30,small,2.2,10,0.170312,0.170312,0,0,0,0
202,aoc_valley,aoc,4573.0,3442.0,0,1,0,30,small,7.0,10,0.170312,0.170312,0,0,0,0
203,aoc_westerlyn,aoc,7166.0,6094.0,0,1,0,30,small,9.0,10,0.170312,0.170312,0,0,0,0
204,ff_2fort,ff,5582.0,4318.0,0,1,0,30,small,8.5,10,0.170312,0.170312,0,0,0,0
205,ff_2morforever,ff,3458.0,2582.0,0,1,0,30,small,5.0,10,0.170312,0.170312,0,0,0,0
206,ff_aardvark,ff,5725.0,3384.0,0,1,0,30,small,9.0,10,0.170312,0.170312,0,0,0,0
207,ff_anticitizen,ff,9919.0,5646.0,0,1,0,30,small,9.0,10,0.170312,0.170312,0,0,0,0
208,ff_attrition,ff,3086.0,2571.0,0,1,0,30,small,5.0,10,0.170312,0.170312,0,0,0,0
209,ff_bases,ff,5084.0,4099.0,0,1,0,30,small,8.0,10,0.170312,0.170312,0,0,0,0
210,ff_cornfield,ff,4987.0,3476.0,0,1,0,30,small,9.0,10,0.170312,0.170312,0,0,0,0
211,ff_crossover,ff,5996.0,4577.0,0,1,0,30,small,9.0,10,0.170312,0.170312,0,0,0,0
212,ff_cz2,ff,4672.0,3836.0,0,1,0,30,small,7.5,10,0.170312,0.170312,0,0,0,0
213,ff_destroy,ff,4945.0,4018.0,0,1,0,30,small,8.0,10,0.170312,0.170312,0,0,0,0
214,ff_dm,ff,1917.0,1501.0,0,1,0,30,small,3.0,10,0.170312,0.170312,0,0,0,0
215,ff_dropdown,ff,4529.0,3539.0,0,1,0,30,small,7.0,10,0.170312,0.170312,0,0,0,0
216,ff_dustbowl,ff,5457.0,4520.0,0,1,0,30,small,8.5,10,0.170312,0.170312,0,0,0,0
217,ff_epicenter,ff,3781.0,3037.0,0,1,0,30,small,6.0,10,0.170312,0.170312,0,0,0,0
218,ff_hunted,ff,6151.0,5125.0,0,1,0,30,small,9.0,10,0.170312,0.170312,0,0,0,0
219,ff_impact,ff,4096.0,2190.0,0,1,0,30,small,8.0,10,0.170312,0.170312,0,0,0,0
220,ff_monkey,ff,4989.0,4082.0,0,1,0,30,small,8.0,10,0.170312,0.170312,0,0,0,0
221,ff_openfire,ff,3173.0,2504.0,0,1,0,30,small,5.0,10,0.170312,0.170312,0,0,0,0
222,ff_palermo,ff,6191.0,3333.0,0,1,0,30,small,8.0,10,0.170312,0.170312,0,0,0,0
223,ff_pitfall,ff,4485.0,3633.0,0,1,0,30,small,7.0,10,0.170312,0.170312,0,0,0,0
224,ff_push,ff,4744.0,3849.0,0,1,0,30,small,7.5,10,0.170312,0.170312,0,0,0,0
225,ff_schtop,ff,4802.0,3837.0,0,1,0,30,small,7.5,10,0.170312,0.170312,0,0,0,0
226,ff_shutdown2,ff,4703.0,3825.0,0,1,0,30,small,7.5,10,0.170312,0.170312,0,0,0,0
227,ff_tiger,ff,2686.0,1858.0,0,1,0,30,small,6.0,10,0.170312,0.170312,0,0,0,0
228,ff_vertigo,ff,2010.0,1500.0,0,1,0,30,small,3.0,10,0.170312,0.170312,0,0,0,0
229,ff_waterpolo,ff,3209.0,2608.0,0,1,0,30,small,5.0,10,0.170312,0.170312,0,0,0,0
230,ff_well,ff,4482.0,3423.0,0,1,0,30,small,7.0,10,0.170312,0.170312,0,0,0,0
231,l4d_airport01_greenhouse,l4d,175.0,5272.0,0,1,0,30,small,10.0,10,0.170312,0.170312,0,0,0,0
232,l4d_airport02_offices,l4d,-1723.0,8693.0,0,1,0,30,small,9.0,10,0.170312,0.170312,0,0,0,0
233,l4d_airport03_garage,l4d,11413.0,6781.0,0,1,0,30,small,12.0,10,0.170312,0.170312,0,0,0,0
234,l4d_airport04_terminal,l4d,2659.0,6795.0,0,1,0,30,small,7.0,10,0.170312,0.170312,0,0,0,0
235,l4d_airport05_runway,l4d,8197.0,12894.0,0,1,0,30,small,5.0,10,0.170312,0.170312,0,0,0,0
236,l4d_farm01_hilltop,l4d,16423.0,-3193.0,0,1,0,30,small,13.0,10,0.170312,0.170312,0,0,0,0
237,l4d_farm02_traintunnel,l4d,12106.0,-2749.0,0,1,0,30,small,10.0,10,0.170312,0.170312,0,0,0,0
238,l4d_farm03_bridge,l4d,2307.0,-5227.0,0,1,0,30,small,12.0,10,0.170312,0.170312,0,0,0,0
239,l4d_farm04_barn,l4d,1584.0,2778.0,0,1,0,30,small,17.0,10,0.170312,0.170312,0,0,0,0
240,l4d_farm05_cornfield,l4d,-1851.0,7619.0,0,1,0,30,small,13.0,10,0.170312,0.170312,0,0,0,0
241,l4d_hospital01_apartment,l4d,662.0,5571.0,0,1,0,30,small,5.0,10,0.170312,0.170312,0,0,0,0
242,l4d_hospital02_subway,l4d,-1621.0,8552.0,0,1,0,30,small,8.0,10,0.170312,0.170312,0,0,0,0
243,l4d_hospital03_sewers,l4d,-7045.0,14101.0,0,1,0,30,small,10.0,10,0.170312,0.170312,0,0,0,0
244,l4d_hospital04_interior,l4d,-9513.0,16235.0,0,1,0,30,small,5.0,10,0.170312,0.170312,0,0,0,0
245,l4d_hospital05_rooftop,l4d,-4450.0,10005.0,0,1,0,30,small,3.0,10,0.170312,0.170312,0,0,0,0
246,l4d_smalltown01_caves,l4d,20542.0,-3156.0,0,1,0,30,small,13.0,10,0.170312,0.170312,0,0,0,0
247,l4d_smalltown03_ranchhouse,l4d,16026.0,2930.0,0,1,0,30,small,14.0,10,0.170312,0.170312,0,0,0,0
248,l4d_smalltown05_houseboat,l4d,6554.0,5155.0,0,1,0,30,small,12.0,10,0.170312,0.170312,0,0,0,0
249,l4d_sv_lighthouse,l4d,4681.0,2143.0,0,1,0,30,small,7.0,10,0.170312,0.170312,0,0,0,0
250,l4d_vs_airport01_greenhouse,l4d,175.0,5272.0,0,1,0,30,small,10.0,10,0.170312,0.170312,0,0,0,0
251,l4d_vs_airport02_offices,l4d,-1723.0,8693.0,0,1,0,30,small,9.0,10,0.170312,0.170312,0,0,0,0
252,l4d_vs_airport03_garage,l4d,11413.0,6781.0,0,1,0,30,small,12.0,10,0.170312,0.170312,0,0,0,0
253,l4d_vs_airport04_terminal,l4d,2659.0,6795.0,0,1,0,30,small,7.0,10,0.170312,0.170312,0,0,0,0
254,l4d_vs_airport05_runway,l4d,8197.0,12894.0,0,1,0,30,small,5.0,10,0.170312,0.170312,0,0,0,0
255,l4d_vs_farm01_hilltop,l4d,16423.0,-3193.0,0,1,0,30,small,13.0,10,0.170312,0.170312,0,0,0,0
256,l4d_vs_farm02_traintunnel,l4d,12106.0,-2749.0,0,1,0,30,small,10.0,10,0.170312,0.170312,0,0,0,0
257,l4d_vs_farm03_bridge,l4d,2307.0,-5227.0,0,1,0,30,small,12.0,10,0.170312,0.170312,0,0,0,0
258,l4d_vs_farm04_barn,l4d,1584.0,2778.0,0,1,0,30,small,17.0,10,0.170312,0.170312,0,0,0,0
259,l4d_vs_farm05_cornfield,l4d,-1851.0,7619.0,0,1,0,30,small,13.0,10,0.170312,0.170312,0,0,0,0
260,l4d_vs_hospital01_apartment,l4d,662.0,5571.0,0,1,0,30,small,5.0,10,0.170312,0.170312,0,0,0,0
261,l4d_vs_hospital02_subway,l4d,-1621.0,8552.0,0,1,0,30,small,8.0,10,0.170312,0.170312,0,0,0,0
262,l4d_vs_hospital03_sewers,l4d,-7045.0,14101.0,0,1,0,30,small,10.0,10,0.170312,0.170312,0,0,0,0
263,l4d_vs_hospital04_interior,l4d,-9513.0,16235.0,0,1,0,30,small,5.0,10,0.170312,0.170312,0,0,0,0
264,l4d_vs_hospital05_rooftop,l4d,-4450.0,10005.0,0,1,0,30,small,3.0,10,0.170312,0.170312,0,0,0,0
265,l4d_vs_smalltown01_caves,l4d,20542.0,-3156.0,0,1,0,30,small,13.0,10,0.170312,0.170312,0,0,0,0
266,l4d_vs_smalltown03_ranchhouse,l4d,16026.0,2930.0,0,1,0,30,small,14.0,10,0.170312,0.170312,0,0,0,0
267,l4d_vs_smalltown05_houseboat,l4d,6554.0,5155.0,0,1,0,30,small,12.0,10,0.170312,0.170312,0,0,0,0
268,nt_dawn_ctg,nts,3447.0,5426.0,0,1,0,30,small,5.5,10,0.170312,0.170312,0,0,0,0
269,nt_engage_ctg,nts,4112.0,4024.0,0,1,0,30,small,7.0,10,0.170312,0.170312,0,0,0,0
270,nt_ghost_ctg,nts,4951.0,6131.0,0,1,0,30,small,7.5,10,0.170312,0.170312,0,0,0,0
271,nt_isolation_ctg,nts,5357.0,3549.0,0,1,0,30,small,7.0,10,0.170312,0.170312,0,0,0,0
272,nt_rise_ctg,nts,2205.0,2044.0,0,1,0,30,small,3.5,10,0.170312,0.170312,0,0,0,0
273,nt_shrine_ctg,nts,4976.0,6388.0,0,1,0,30,small,6.0,10,0.170312,0.170312,0,0,0,0
274,nt_skyline_ctg,nts,4516.0,2141.0,0,1,0,30,small,5.0,10,0.170312,0.170312,0,0,0,0
275,nt_subsurface_ctg,nts,3319.0,1552.0,0,1,0,30,small,6.5,10,0.170312,0.170312,0,0,0,0
276,nt_tarmac_ctg,nts,2359.0,3388.0,0,1,0,30,small,5.5,10,0.170312,0.170312,0,0,0,0
277,nt_transit_ctg,nts,2749.0,1879.0,0,1,0,30,small,4.0,10,0.170312,0.170312,0,0,0,0
278,dod_anzio,dod,50.97,-82.75,0,1,0,30,small,1.01,10,0.170312,0.170312,0,0,0,0
279,dod_avalanche,dod,424.0,160.0,0,1,0,30,small,1.58,10,0.170312,0.170312,0,0,0,0
280,dod_charlie,dod,32.0,0.0,1,1,0,30,small,0.77,10,0.170312,0.170312,0,0,0,0
281,dod_chemille,dod,692.0,-568.0,1,1,0,30,small,1.19,10,0.170312,0.170312,0,0,0,0
282,dod_donner,dod,192.0,-1248.0,1,1,0,30,small,1.11,10,0.170312,0.170312,0,0,0,0
283,dod_escape,dod,176.0,410.0,1,1,0,30,small,1.26,10,0.170312,0.170312,0,0,0,0
284,dod_falaise,dod,36.5,227.0,0,1,0,30,small,0.82,10,0.170312,0.170312,0,0,0,0
285,dod_flash,dod,295.99,-504.0,1,1,0,30,small,1.19,10,0.170312,0.170312,0,0,0,0
286,dod_flugplatz,dod,199.5,-33.0,0,1,0,30,small,0.85,10,0.170312,0.170312,0,0,0,0
287,dod_forest,dod,492.5,361.0,1,1,0,30,small,0.9,10,0.170312,0.170312,0,0,0,0
288,dod_glider,dod,426.0,308.0,0,1,0,30,small,1.14,10,0.170312,0.170312,0,0,0,0
289,dod_jagd,dod,64.0,40.0,0,1,0,30,small,0.86,10,0.170312,0.170312,0,0,0,0
290,dod_kalt,dod,0.0,-504.0,0,1,0,30,small,1.22,10,0.170312,0.170312,0,0,0,0
291,dod_kraftstoff,dod,656.0,-308.0,0,1,0,30,small,1.1,10,0.170312,0.170312,0,0,0,0
292,dod_merderet,dod,532.0,409.0,1,1,0,30,small,0.93,10,0.170312,0.170312,0,0,0,0
293,dod_northbound,dod,83.5,-10.5,1,1,0,30,small,1.01,10,0.170312,0.170312,0,0,0,0
294,dod_saints,dod,704.0,196.0,1,1,0,30,small,1.25,10,0.170312,0.170312,0,0,0,0
295,dod_sturm,dod,210.0,546.0,1,1,0,30,small,1.06,10,0.170312,0.170312,0,0,0,0
296,dod_switch,dod,1146.0,582.5,0,1,0,30,small,1.19,10,0.170312,0.170312,0,0,0,0
297,dod_vicenza,dod,48.0,-48.0,1,1,0,30,small,1.05,10,0.170312,0.170312,0,0,0,0
298,dod_zalec,dod,8.0,-48.0,1,1,0,30,small,0.77,10,0.170312,0.170312,0,0,0,0
299,dod_cean,dod,540.0,259.0,0,1,0,30,small,0.87,10,0.170312,0.170312,0,0,0,0
300,co_angst,ns,828.0,376.0,1,1,0,30,small,1.42,10,0.170312,0.170312,0,0,0,0
301,co_core,ns,146.0,-472.0,1,1,0,30,small,2.25,10,0.170312,0.170312,0,0,0,0
302,co_daimos,ns,968.0,-128.0,1,1,0,30,small,1.17,10,0.170312,0.170312,0,0,0,0
303,co_faceoff,ns,1184.0,-368.0,0,1,0,30,small,1.48,10,0.170312,0.170312,0,0,0,0
304,co_kestrel,ns,962.0,1648.0,1,1,0,30,small,1.42,10,0.170312,0.170312,0,0,0,0
305,co_niveus,ns,384.0,1728.0,0,1,0,30,small,1.27,10,0.170312,0.170312,0,0,0,0
306,co_pulse,ns,764.0,-268.0,1,1,0,30,small,1.83,10,0.170312,0.170312,0,0,0,0
307,co_sava,ns,310.0,974.0,0,1,0,30,small,1.09,10,0.170312,0.170312,0,0,0,0
308,co_ulysses,ns,688.0,-1056.0,1,1,0,30,small,1.64,10,0.170312,0.170312,0,0,0,0
309,co_umbra,ns,1760.0,192.0,0,1,0,30,small,1.21,10,0.170312,0.170312,0,0,0,0
310,ns_altair,ns,360.0,24.0,1,1,0,30,small,0.92,10,0.170312,0.170312,0,0,0,0
311,ns_ayumi,ns,260.0,-512.0,0,1,0,30,small,1.21,10,0.170312,0.170312,0,0,0,0
312,ns_bast,ns,152.5,63.0,1,1,0,30,small,0.9,10,0.170312,0.170312,0,0,0,0
313,ns_caged,ns,256.0,456.0,1,1,0,30,small,0.95,10,0.170312,0.170312,0,0,0,0
314,ns_eclipse,ns,164.0,-40.0,1,1,0,30,small,0.91,10,0.170312,0.170312,0,0,0,0
315,ns_eon,ns,23.0,91.5,1,1,0,30,small,0.92,10,0.170312,0.170312,0,0,0,0
316,ns_hera,ns,180.0,-24.0,1,1,0,30,small,0.83,10,0.170312,0.170312,0,0,0,0
317,ns_lost,ns,12.0,256.0,0,1,0,30,small,1.28,10,0.170312,0.170312,0,0,0,0
318,ns_lucid,ns,380.0,-632.0,1,1,0,30,small,1.04,10,0.170312,0.170312,0,0,0,0
319,ns_machina,ns,112.0,-404.0,0,1,0,30,small,0.86,10,0.170312,0.170312,0,0,0,0
320,ns_metal,ns,164.0,388.0,0,1,0,30,small,0.91,10,0.170312,0.170312,0,0,0,0
321,ns_nancy,ns,170.0,0.0,1,1,0,30,small,0.84,10,0.170312,0.170312,0,0,0,0
322,ns_nothing,ns,212.0,176.0,1,1,0,30,small,0.88,10,0.170312,0.170312,0,0,0,0
323,ns_origin,ns,20.0,-344.0,0,1,0,30,small,0.97,10,0.170312,0.170312,0,0,0,0
324,ns_shiva,ns,40.0,480.0,0,1,0,30,small,0.88,10,0.170312,0.170312,0,0,0,0
325,ns_tanith,ns,44.0,-4.0,0,1,0,30,small,1.03,10,0.170312,0.170312,0,0,0,0
326,ns_veil,ns,160.0,144.0,0,1,0,30,small,0.91,10,0.170312,0.170312,0,0,0,0
327,tls_abydos,sgtls,13395.0,7390.0,1,1,0,30,small,16.0,10,0.170312,0.170312,0,0,0,0
328,tls_erebus,sgtls,17564.0,11518.0,1,1,0,30,small,24.0,10,0.170312,0.170312,0,0,0,0
329,tls_lockdown,sgtls,989.0,1517.0,1,1,0,30,small,4.0,10,0.170312,0.170312,0,0,0,0
330,"2fort",tfc,90.63,0.0,0,1,0,30,small,1.03,10,0.170312,0.170312,0,0,0,0
331,avanti,tfc,304.0,192.0,0,1,0,30,small,1.17,10,0.170312,0.170312,0,0,0,0
332,badlands,tfc,8.0,0.0,1,1,0,30,small,0.95,10,0.170312,0.170312,0,0,0,0
333,casbah,tfc,552.0,-124.0,0,1,0,30,small,1.1,10,0.170312,0.170312,0,0,0,0
334,crossover2,tfc,0.0,0.0,0,1,0,30,small,1.11,10,0.170312,0.170312,0,0,0,0
335,cz2,tfc,144.0,256.0,0,1,0,30,small,1.15,10,0.170312,0.170312,0,0,0,0
336,dustbowl,tfc,448.0,288.0,1,1,0,30,small,0.98,10,0.170312,0.170312,0,0,0,0
337,epicenter,tfc,416.0,0.0,0,1,0,30,small,1.32,10,0.170312,0.170312,0,0,0,0
338,flagrun,tfc,0.0,704.0,0,1,0,30,small,1.07,10,0.170312,0.170312,0,0,0,0
339,hunted,tfc,432.0,76.0,1,1,0,30,small,1.42,10,0.170312,0.170312,0,0,0,0
340,push,tfc,0.0,0.0,0,1,0,30,small,1.11,10,0.170312,0.170312,0,0,0,0
341,ravelin,tfc,0.0,0.0,0,1,0,30,small,1.04,10,0.170312,0.170312,0,0,0,0
342,rock2,tfc,0.0,0.0,0,1,0,30,small,0.98,10,0.170312,0.170312,0,0,0,0
343,warpath,tfc,112.0,0.0,0,1,0,30,small,1.02,10,0.170312,0.170312,0,0,0,0
344,well,tfc,0.0,0.0,0,1,0,30,small,0.94,10,0.170312,0.170312,0,0,0,0
345,nt_bullet_tdm,nts,4279.0,2090.0,0,1,0,30,small,4.3,10,0.170312,0.170312,0,0,0,0
346,nt_dusk_ctg,nts,3805.0,5832.0,0,1,0,30,small,6.0,10,0.170312,0.170312,0,0,0,0
347,nt_oilstain_ctg,nts,1953.0,2544.0,0,1,0,30,small,3.0,10,0.170312,0.170312,0,0,0,0
348,nt_pissalley_ctg,nts,3629.0,3788.0,0,1,0,30,small,6.0,10,0.170312,0.170312,0,0,0,0
349,nt_vtol_ctg,nts,6278.0,4861.0,0,1,0,30,small,9.0,10,0.170312,0.170312,0,0,0,0
350,de_dust2_unlimited,css,4238.0,4440.0,0,1,0,30,small,6.1,10,0.170312,0.170312,0,0,0,0
351,de_mediterrano,css,-3446.0,3391.0,0,1,0,30,small,4.5,10,0.170312,0.170312,0,0,0,0
352,de_middleages,css,-3068.0,2137.0,0,1,0,30,small,4.0,10,0.170312,0.170312,0,0,0,0
353,de_newportbeach,css,-2405.0,2317.0,0,1,0,30,small,3.6,10,0.170312,0.170312,0,0,0,0
354,de_pariah,css,-2675.0,1906.0,0,1,0,30,small,5.25,10,0.170312,0.170312,0,0,0,0
355,de_residentevil,css,-3629.0,1910.0,0,1,0,30,small,3.75,10,0.170312,0.170312,0,0,0,0
356,de_rimini,css,-11146.0,11378.0,0,1,0,30,small,5.0,10,0.170312,0.170312,0,0,0,0
357,de_roma_aimstyle,css,-3766.0,4159.0,0,1,0,30,small,7.0,10,0.170312,0.170312,0,0,0,0
358,de_losttemple2,css,-3205.0,3312.0,0,1,0,30,small,5.5,10,0.170312,0.170312,0,0,0,0
359,de_keidas,css,-3607.0,2473.0,0,1,0,30,small,5.0,10,0.170312,0.170312,0,0,0,0
360,de_hiddencity,css,-2488.0,2344.0,0,1,0,30,small,3.75,10,0.170312,0.170312,0,0,0,0
361,de_gallery,css,-2931.0,2470.0,0,1,0,30,small,4.75,10,0.170312,0.170312,0,0,0,0
362,de_dustanesi,css,-1477.0,1113.0,0,1,0,30,small,4.0,10,0.170312,0.170312,0,0,0,0
363,de_dust2_mariostyle,css,-3910.0,3788.0,0,1,0,30,small,5.0,10,0.170312,0.170312,0,0,0,0
364,de_cross_strike,css,-3740.0,3799.0,0,1,0,30,small,5.5,10,0.170312,0.170312,0,0,0,0
365,de_cpl_fire,css,-2841.0,4296.0,0,1,0,30,small,7.0,10,0.170312,0.170312,0,0,0,0
366,de_corse,css,-2231.0,1216.0,0,1,0,30,small,4.5,10,0.170312,0.170312,0,0,0,0
367,de_coldfire,css,-2776.0,3783.0,0,1,0,30,small,7.25,10,0.170312,0.170312,0,0,0,0
368,de_cefalu,css,-5556.0,3045.0,0,1,0,30,small,5.5,10,0.170312,0.170312,0,0,0,0
369,de_asia,css,-4408.0,4349.0,0,1,0,30,small,6.5,10,0.170312,0.170312,0,0,0,0
370,cs_office2008pro,css,-2270.0,1640.0,0,1,0,30,small,4.0,10,0.170312,0.170312,0,0,0,0
371,cs_office07,css,-3938.0,1579.0,0,1,0,30,small,4.0,10,0.170312,0.170312,0,0,0,0
372,cs_occupation,css,-3857.0,2621.0,0,1,0,30,small,5.8,10,0.170312,0.170312,0,0,0,0
373,cs_meatlight,css,-2143.0,1768.0,0,1,0,30,small,3.7,10,0.170312,0.170312,0,0,0,0
374,cs_italy_reloaded_final,css,-3463.0,2775.0,0,1,0,30,small,3.75,10,0.170312,0.170312,0,0,0,0
375,cs_classified,css,-2988.0,3396.0,0,1,0,30,small,4.9,10,0.170312,0.170312,0,0,0,0
376,fy_pool_day_reloaded,css,-1204.0,838.0,0,1,0,30,small,1.75,10,0.170312,0.170312,0,0,0,0
377,de_westcoast,css,-3162.0,2684.0,0,1,0,30,small,5.0,10,0.170312,0.170312,0,0,0,0
378,de_wanda,css,-3284.0,5861.0,0,1,0,30,small,10.0,10,0.170312,0.170312,0,0,0,0
379,de_vine2,css,-3929.0,1482.0,0,1,0,30,small,6.5,10,0.170312,0.170312,0,0,0,0
380,de_vegas_css,css,-5085.0,1646.0,0,1,0,30,small,7.25,10,0.170312,0.170312,0,0,0,0
381,de_varasto_v2,css,-3520.0,2665.0,0,1,0,30,small,8.0,10,0.170312,0.170312,0,0,0,0
382,de_strata,css,-14440.0,9998.0,0,1,0,30,small,15.0,10,0.170312,0.170312,0,0,0,0
383,de_spirits,css,-4494.0,3157.0,0,1,0,30,small,10.0,10,0.170312,0.170312,0,0,0,0
384,de_siena,css,-4234.0,4210.0,0,1,0,30,small,6.0,10,0.170312,0.170312,0,0,0,0
385,de_season,css,-1772.0,3421.0,0,1,0,30,small,5.75,10,0.170312,0.170312,0,0,0,0
386,de_scud,css,-5001.0,3479.0,0,1,0,30,small,4.5,10,0.170312,0.170312,0,0,0,0
387,de_scorch_rc1,css,-7897.0,3704.0,0,1,0,30,small,8.0,10,0.170312,0.170312,0,0,0,0
388,de_rush_v2,css,-2365.0,2391.0,0,1,0,30,small,9.0,10,0.170312,0.170312,0,0,0,0
389,clocktower,nd,12330.0,8013.0,0,1,0,30,small,16.5,10,0.170312,0.170312,0,0,0,0
390,downtown,nd,9377.0,10471.0,0,1,0,30,small,19.0,10,0.170312,0.170312,0,0,0,0
391,hydro,nd,8560.0,6600.0,0,1,0,30,small,12.5,10,0.170312,0.170312,0,0,0,0
392,metro,nd,5908.0,4819.0,0,1,0,30,small,11.2,10,0.170312,0.170312,0,0,0,0
393,oasis,nd,5904.0,6969.0,0,1,0,30,small,12.5,10,0.170312,0.170312,0,0,0,0
394,silo,nd,10865.0,7962.0,0,1,0,30,small,18.0,10,0.170312,0.170312,0,0,0,0
395,oilfield_beta,nd,10659.0,11345.0,0,1,0,30,small,22.0,10,0.170312,0.170312,0,0,0,0
396,de_dust2,csgo,3102.0,3164.0,0,1,0,30,small,4.2,10,0.170312,0.170312,0,0,0,0
397,de_dust,csgo,3798.0,3947.0,0,1,0,30,small,6.0,10,0.170312,0.170312,0,0,0,0
398,de_train,csgo,2212.0,2193.0,0,1,0,30,small,4.0,10,0.170312,0.170312,0,0,0,0
399,cs_italy,csgo,3156.0,2632.0,0,1,0,30,small,4.5,10,0.170312,0.170312,0,0,0,0
400,de_aztec,csgo,3226.0,2861.0,0,1,0,30,small,4.7,10,0.170312,0.170312,0,0,0,0
401,de_nuke,csgo,2803.0,1309.0,0,1,0,30,small,5.0,10,0.170312,0.170312,0,0,0,0
402,de_inferno,csgo,2577.0,4184.0,0,1,0,30,small,5.0,10,0.170312,0.170312,0,0,0,0
403,cs_office,csgo,1931.0,1183.0,0,1,0,30,small,3.0,10,0.170312,0.170312,0,0,0,0
404,de_dust2_se,csgo,3121.0,3551.0,0,1,0,30,small,4.5,10,0.170312,0.170312,0,0,0,0
405,de_dust_se,csgo,3359.0,3773.0,0,1,0,30,small,5.5,10,0.170312,0.170312,0,0,0,0
406,de_train_se,csgo,2074.0,1950.0,0,1,0,30,small,3.9,10,0.170312,0.170312,0,0,0,0
407,cs_italy_se,csgo,2585.0,2648.0,0,1,0,30,small,4.5,10,0.170312,0.170312,0,0,0,0
408,de_aztec_se,csgo,3226.0,2861.0,0,1,0,30,small,4.7,10,0.170312,0.170312,0,0,0,0
409,de_nuke_se,csgo,3023.0,1493.0,0,1,0,30,small,5.3,10,0.170312,0.170312,0,0,0,0
410,de_inferno_se,csgo,3173.0,2682.0,0,1,0,30,small,4.8,10,0.170312,0.170312,0,0,0,0
411,cs_office_se,csgo,1930.0,1389.0,0,1,0,30,small,3.6,10,0.170312,0.170312,0,0,0,0
412,ar_baggage,csgo,1913.0,1701.0,0,1,0,30,small,3.0,10,0.170312,0.170312,0,0,0,0
413,ar_shoots,csgo,1511.0,1801.0,0,1,0,30,small,2.5,10,0.170312,0.170312,0,0,0,0
414,de_lake,csgo,1478.0,1115.0,0,1,0,30,small,3.7,10,0.170312,0.170312,0,0,0,0
415,de_bank,csgo,2064.0,1148.0,0,1,0,30,small,3.4,10,0.170312,0.170312,0,0,0,0
416,de_safehouse,csgo,348.0,2360.0,0,1,0,30,small,3.8,10,0.170312,0.170312,0,0,0,0
417,de_shorttrain,csgo,2226.0,2618.0,0,1,0,30,small,4.1,10,0.170312,0.170312,0,0,0,0
418,de_stmarc,csgo,9206.0,8383.0,0,1,0,30,small,3.0,10,0.170312,0.170312,0,0,0,0
419,de_sugarcane,csgo,4204.0,1359.0,0,1,0,30,small,4.3,10,0.170312,0.170312,0,0,0,0
420,c1m1_hotel,l4d,1829.0,8518.0,0,1,0,30,small,5.0,10,0.170312,0.170312,0,0,0,0
421,c1m2_streets,l4d,13470.0,7954.0,0,1,0,30,small,14.0,10,0.170312,0.170312,0,0,0,0
422,c1m3_mall,l4d,2976.0,1695.0,0,1,0,30,small,8.0,10,0.170312,0.170312,0,0,0,0
423,c1m4_atrium,l4d,7604.0,-416.0,0,1,0,30,small,5.0,10,0.170312,0.170312,0,0,0,0
424,c2m1_highway,l4d,8585.0,13642.0,0,1,0,30,small,20.0,10,0.170312,0.170312,0,0,0,0
425,c2m2_fairgrounds,l4d,8423.0,5363.0,0,1,0,30,small,14.0,10,0.170312,0.170312,0,0,0,0
426,c2m3_coaster,l4d,8935.0,6928.0,0,1,0,30,small,11.0,10,0.170312,0.170312,0,0,0,0
427,c2m4_barns,l4d,7466.0,8596.0,0,1,0,30,small,12.0,10,0.170312,0.170312,0,0,0,0
428,c2m5_concert,l4d,5267.0,5568.0,0,1,0,30,small,5.0,10,0.170312,0.170312,0,0,0,0
429,c3m1_plankcountry,l4d,13418.0,12468.0,0,1,0,30,small,12.0,10,0.170312,0.170312,0,0,0,0
430,c3m2_swamp,l4d,12741.0,13698.0,0,1,0,30,small,20.0,10,0.170312,0.170312,0,0,0,0
431,c3m3_shantytown,l4d,7582.0,3647.0,0,1,0,30,small,10.0,10,0.170312,0.170312,0,0,0,0
432,c3m4_plantation,l4d,6625.0,4589.0,0,1,0,30,small,10.0,10,0.170312,0.170312,0,0,0,0
433,c4m1_milltown_a,l4d,9457.0,10870.0,0,1,0,30,small,14.0,10,0.170312,0.170312,0,0,0,0
434,c4m2_sugarmill_a,l4d,10459.0,2124.0,0,1,0,30,small,18.0,10,0.170312,0.170312,0,0,0,0
435,c4m3_sugarmill_b,l4d,10156.0,1946.0,0,1,0,30,small,18.0,10,0.170312,0.170312,0,0,0,0
436,c4m4_milltown_b,l4d,11414.0,11943.0,0,1,0,30,small,16.0,10,0.170312,0.170312,0,0,0,0
437,c4m5_milltown_escape,l4d,11073.0,11978.0,0,1,0,30,small,16.0,10,0.170312,0.170312,0,0,0,0
438,c5m1_waterfront,l4d,7786.0,4019.0,0,1,0,30,small,9.0,10,0.170312,0.170312,0,0,0,0
439,c5m2_park,l4d,15435.0,2762.0,0,1,0,30,small,15.0,10,0.170312,0.170312,0,0,0,0
440,c5m3_cemetery,l4d,7513.0,11200.0,0,1,0,30,small,22.0,10,0.170312,0.170312,0,0,0,0
441,c5m4_quarter,l4d,7494.0,5735.0,0,1,0,30,small,10.0,10,0.170312,0.170312,0,0,0,0
442,c5m5_bridge,l4d,14466.0,16658.0,0,1,0,30,small,22.0,10,0.170312,0.170312,0,0,0,0
