"id","eventTime","serverId","map","playerId","actionId","bonus"
1299935,"2023-10-12 11:17:09",4,ctf_crasher,67668,2,1
1299936,"2023-10-12 11:17:09",4,ctf_crasher,256,2,1
1299937,"2023-10-12 11:17:09",4,ctf_crasher,52846,2,1
1299938,"2023-10-12 11:17:09",4,ctf_crasher,223,2,1
1299939,"2023-10-12 11:17:09",4,ctf_crasher,2,2,1
1299940,"2023-10-12 11:17:09",4,ctf_crasher,70988,2,1
1299941,"2023-10-12 11:20:12",4,ctf_crasher,67668,2,1
1299942,"2023-10-12 11:20:12",4,ctf_crasher,256,2,1
1299943,"2023-10-12 11:20:12",4,ctf_crasher,52846,2,1
1299944,"2023-10-12 11:20:12",4,ctf_crasher,223,2,1
1299945,"2023-10-12 11:20:12",4,ctf_crasher,70988,2,1
1299946,"2023-10-12 11:20:12",4,ctf_crasher,2,2,1
1299947,"2023-10-12 11:21:54",4,ctf_crasher,81665,2,1
1299948,"2023-10-12 11:21:54",4,ctf_crasher,78482,2,1
1299949,"2023-10-12 11:21:54",4,ctf_crasher,10345,2,1
1299950,"2023-10-12 11:21:54",4,ctf_crasher,2,2,1
1299951,"2023-10-12 11:21:54",4,ctf_crasher,9434,2,1
1299952,"2023-10-12 11:21:54",4,ctf_crasher,72861,2,1
1299953,"2023-10-12 11:23:22",4,ctf_crasher,72861,2,1
1299954,"2023-10-12 11:23:22",4,ctf_crasher,9434,2,1
1299955,"2023-10-12 11:23:22",4,ctf_crasher,2,2,1
1299956,"2023-10-12 11:23:22",4,ctf_crasher,10345,2,1
1299957,"2023-10-12 11:23:22",4,ctf_crasher,81665,2,1
1299958,"2023-10-12 11:23:22",4,ctf_crasher,78482,2,1
1299959,"2023-10-12 11:24:39",4,ctf_crasher,2,2,1
1299960,"2023-10-12 11:24:39",4,ctf_crasher,9434,2,1
1299961,"2023-10-12 11:24:39",4,ctf_crasher,72861,2,1
1299962,"2023-10-12 11:24:39",4,ctf_crasher,81665,2,1
1299963,"2023-10-12 11:24:39",4,ctf_crasher,78482,2,1
1299964,"2023-10-12 11:24:39",4,ctf_crasher,10345,2,1
1299965,"2023-10-12 11:24:42",4,ctf_crasher,81665,22,50
1299966,"2023-10-12 11:24:42",4,ctf_crasher,78482,22,50
1299967,"2023-10-12 11:24:42",4,ctf_crasher,10345,22,50
1299968,"2023-10-12 11:24:42",4,ctf_crasher,2,22,50
1299969,"2023-10-12 11:24:42",4,ctf_crasher,9434,22,50
1299970,"2023-10-12 11:24:42",4,ctf_crasher,72861,22,50
1299971,"2023-10-12 11:27:09",4,ctf_crasher,78482,2,1
1299972,"2023-10-12 11:27:09",4,ctf_crasher,81665,2,1
1299973,"2023-10-12 11:27:09",4,ctf_crasher,10345,2,1
1299974,"2023-10-12 11:27:09",4,ctf_crasher,2,2,1
1299975,"2023-10-12 11:27:09",4,ctf_crasher,9434,2,1
1299976,"2023-10-12 11:27:09",4,ctf_crasher,72861,2,1
1299977,"2023-10-12 11:31:44",4,ctf_crasher,78482,2,1
1299978,"2023-10-12 11:31:44",4,ctf_crasher,9434,2,1
1299979,"2023-10-12 11:31:44",4,ctf_crasher,2,2,1
1299980,"2023-10-12 11:31:44",4,ctf_crasher,10345,2,1
1299981,"2023-10-12 11:31:44",4,ctf_crasher,81665,2,1
1299982,"2023-10-12 11:32:59",4,ctf_crasher,70988,2,1
1299983,"2023-10-12 11:32:59",4,ctf_crasher,256,2,1
1299984,"2023-10-12 11:32:59",4,ctf_crasher,52846,2,1
1299985,"2023-10-12 11:32:59",4,ctf_crasher,71017,2,1
1299986,"2023-10-12 11:32:59",4,ctf_crasher,67668,2,1
1299987,"2023-10-12 11:32:59",4,ctf_crasher,225,2,1
1299988,"2023-10-12 11:32:59",4,ctf_crasher,223,2,1
1299989,"2023-10-12 11:34:44",4,ctf_crasher,10345,2,1
1299990,"2023-10-12 11:34:44",4,ctf_crasher,72861,2,1
1299991,"2023-10-12 11:34:44",4,ctf_crasher,78482,2,1
1299992,"2023-10-12 11:34:44",4,ctf_crasher,81665,2,1
1299993,"2023-10-12 11:34:44",4,ctf_crasher,7268,2,1
1299994,"2023-10-12 11:34:44",4,ctf_crasher,2,2,1
1299995,"2023-10-12 11:34:44",4,ctf_crasher,9434,2,1
1299996,"2023-10-12 11:34:49",4,ctf_crasher,81665,22,50
1299997,"2023-10-12 11:34:49",4,ctf_crasher,7268,22,50
1299998,"2023-10-12 11:34:49",4,ctf_crasher,2,22,50
1299999,"2023-10-12 11:34:49",4,ctf_crasher,9434,22,50
1300000,"2023-10-12 11:34:49",4,ctf_crasher,10345,22,50
1300001,"2023-10-12 11:34:49",4,ctf_crasher,72861,22,50
1300002,"2023-10-12 11:34:49",4,ctf_crasher,78482,22,50
1300003,"2023-10-12 11:43:23",4,pl_badwater,81665,15,20
1300004,"2023-10-12 11:43:23",4,pl_badwater,72861,15,20
1300005,"2023-10-12 11:43:23",4,pl_badwater,2,15,20
1300006,"2023-10-12 11:43:23",4,pl_badwater,71017,15,20
1300007,"2023-10-12 11:43:23",4,pl_badwater,9434,15,20
1300008,"2023-10-12 11:43:23",4,pl_badwater,86272,15,20
1300009,"2023-10-12 11:43:23",4,pl_badwater,78482,15,20
1300010,"2023-10-12 11:43:23",4,pl_badwater,223,15,20
1300011,"2023-10-12 11:44:43",4,pl_badwater,223,15,20
1300012,"2023-10-12 11:44:43",4,pl_badwater,2,15,20
1300013,"2023-10-12 11:44:43",4,pl_badwater,81665,15,20
1300014,"2023-10-12 11:44:43",4,pl_badwater,72861,15,20
1300015,"2023-10-12 11:44:43",4,pl_badwater,71017,15,20
1300016,"2023-10-12 11:44:43",4,pl_badwater,9434,15,20
1300017,"2023-10-12 11:44:43",4,pl_badwater,86272,15,20
1300018,"2023-10-12 11:44:43",4,pl_badwater,78482,15,20
1300019,"2023-10-12 11:46:02",4,pl_badwater,9434,15,20
1300020,"2023-10-12 11:46:02",4,pl_badwater,71017,15,20
1300021,"2023-10-12 11:46:02",4,pl_badwater,2,15,20
1300022,"2023-10-12 11:46:02",4,pl_badwater,81665,15,20
1300023,"2023-10-12 11:46:02",4,pl_badwater,72861,15,20
1300024,"2023-10-12 11:46:02",4,pl_badwater,78482,15,20
1300025,"2023-10-12 11:46:02",4,pl_badwater,86272,15,20
1300026,"2023-10-12 11:46:02",4,pl_badwater,223,15,20
1300027,"2023-10-12 11:47:45",4,pl_badwater,223,15,20
1300028,"2023-10-12 11:47:45",4,pl_badwater,86272,15,20
1300029,"2023-10-12 11:47:45",4,pl_badwater,78482,15,20
1300030,"2023-10-12 11:47:45",4,pl_badwater,72861,15,20
1300031,"2023-10-12 11:47:45",4,pl_badwater,81665,15,20
1300032,"2023-10-12 11:47:45",4,pl_badwater,2,15,20
1300033,"2023-10-12 11:47:45",4,pl_badwater,9434,15,20
1300034,"2023-10-12 11:47:45",4,pl_badwater,71017,15,20
1300035,"2023-10-12 11:47:49",4,pl_badwater,71017,23,5
1300036,"2023-10-12 11:47:49",4,pl_badwater,9434,23,5
1300037,"2023-10-12 11:47:49",4,pl_badwater,2,23,5
1300038,"2023-10-12 11:47:49",4,pl_badwater,81665,23,5
1300039,"2023-10-12 11:47:49",4,pl_badwater,72861,23,5
1300040,"2023-10-12 11:47:49",4,pl_badwater,78482,23,5
1300041,"2023-10-12 11:47:49",4,pl_badwater,86272,23,5
1300042,"2023-10-12 11:47:49",4,pl_badwater,223,23,5
1300043,"2023-10-12 11:47:51",4,pl_badwater,86272,22,50
1300044,"2023-10-12 11:47:51",4,pl_badwater,78482,22,50
1300045,"2023-10-12 11:47:51",4,pl_badwater,72861,22,50
1300046,"2023-10-12 11:47:51",4,pl_badwater,81665,22,50
1300047,"2023-10-12 11:47:51",4,pl_badwater,2,22,50
1300048,"2023-10-12 11:47:51",4,pl_badwater,9434,22,50
1300049,"2023-10-12 11:47:51",4,pl_badwater,71017,22,50
1300050,"2023-10-12 11:47:51",4,pl_badwater,223,22,50
1300051,"2023-10-12 11:57:27",4,pd_selbyen,223,23,5
1300052,"2023-10-12 11:57:27",4,pd_selbyen,86272,23,5
1300053,"2023-10-12 11:57:27",4,pd_selbyen,78482,23,5
1300054,"2023-10-12 11:57:27",4,pd_selbyen,81665,23,5
1300055,"2023-10-12 11:57:27",4,pd_selbyen,72861,23,5
1300056,"2023-10-12 11:57:27",4,pd_selbyen,2,23,5
1300057,"2023-10-12 11:57:27",4,pd_selbyen,9434,23,5
1300058,"2023-10-12 11:57:27",4,pd_selbyen,71017,23,5
1300059,"2023-10-12 11:57:30",4,pd_selbyen,78482,22,50
1300060,"2023-10-12 11:57:30",4,pd_selbyen,86272,22,50
1300061,"2023-10-12 11:57:30",4,pd_selbyen,71017,22,50
1300062,"2023-10-12 11:57:30",4,pd_selbyen,9434,22,50
1300063,"2023-10-12 11:57:30",4,pd_selbyen,72861,22,50
1300064,"2023-10-12 11:57:30",4,pd_selbyen,81665,22,50
1300065,"2023-10-12 11:57:30",4,pd_selbyen,2,22,50
1300066,"2023-10-12 11:57:30",4,pd_selbyen,223,22,50
1300067,"2023-10-12 12:03:10",4,pd_selbyen,256,22,50
1300068,"2023-10-12 12:03:10",4,pd_selbyen,9434,22,50
1300069,"2023-10-12 12:03:10",4,pd_selbyen,81665,22,50
1300070,"2023-10-12 12:03:10",4,pd_selbyen,10345,22,50
1300071,"2023-10-12 12:03:10",4,pd_selbyen,2,22,50
1300072,"2023-10-12 12:03:10",4,pd_selbyen,225,22,50
1300073,"2023-10-12 12:03:10",4,pd_selbyen,78482,22,50
1300074,"2023-10-12 12:03:10",4,pd_selbyen,78412,22,50
1300075,"2023-10-12 12:22:13",4,pl_phoenix,52846,22,50
1300076,"2023-10-12 12:22:13",4,pl_phoenix,67668,22,50
1300077,"2023-10-12 12:22:13",4,pl_phoenix,71017,22,50
1300078,"2023-10-12 12:22:13",4,pl_phoenix,7268,22,50
1300079,"2023-10-12 12:22:13",4,pl_phoenix,86276,22,50
1300080,"2023-10-12 12:22:13",4,pl_phoenix,562,22,50
1300081,"2023-10-12 12:22:13",4,pl_phoenix,223,22,50
1300082,"2023-10-12 12:22:13",4,pl_phoenix,44766,22,50
1300083,"2023-10-12 12:31:58",4,pl_phoenix,52846,23,5
1300084,"2023-10-12 12:31:58",4,pl_phoenix,86278,23,5
1300085,"2023-10-12 12:31:58",4,pl_phoenix,78412,23,5
1300086,"2023-10-12 12:31:58",4,pl_phoenix,44766,23,5
1300087,"2023-10-12 12:31:58",4,pl_phoenix,225,23,5
1300088,"2023-10-12 12:31:58",4,pl_phoenix,9434,23,5
1300089,"2023-10-12 12:31:58",4,pl_phoenix,67668,23,5
1300090,"2023-10-12 12:31:58",4,pl_phoenix,10345,23,5
1300091,"2023-10-12 12:31:59",4,pl_phoenix,44766,22,50
1300092,"2023-10-12 12:31:59",4,pl_phoenix,78412,22,50
1300093,"2023-10-12 12:31:59",4,pl_phoenix,86278,22,50
1300094,"2023-10-12 12:31:59",4,pl_phoenix,52846,22,50
1300095,"2023-10-12 12:31:59",4,pl_phoenix,10345,22,50
1300096,"2023-10-12 12:31:59",4,pl_phoenix,67668,22,50
1300097,"2023-10-12 12:31:59",4,pl_phoenix,9434,22,50
1300098,"2023-10-12 12:31:59",4,pl_phoenix,225,22,50
1300099,"2023-10-12 12:38:48",4,pl_phoenix,52846,15,20
1300100,"2023-10-12 12:38:48",4,pl_phoenix,86278,15,20
1300101,"2023-10-12 12:38:48",4,pl_phoenix,78412,15,20
1300102,"2023-10-12 12:38:48",4,pl_phoenix,86279,15,20
1300103,"2023-10-12 12:38:48",4,pl_phoenix,9434,15,20
1300104,"2023-10-12 12:38:48",4,pl_phoenix,67668,15,20
1300105,"2023-10-12 12:38:48",4,pl_phoenix,225,15,20
1300106,"2023-10-12 12:38:48",4,pl_phoenix,10345,15,20
1300107,"2023-10-12 12:38:48",4,pl_phoenix,86276,15,20
1300108,"2023-10-12 12:41:26",4,cp_steel,67668,15,20
1300109,"2023-10-12 12:41:26",4,cp_steel,9434,15,20
1300110,"2023-10-12 12:41:26",4,cp_steel,225,15,20
1300111,"2023-10-12 12:41:26",4,cp_steel,10345,15,20
1300112,"2023-10-12 12:41:26",4,cp_steel,86276,15,20
1300113,"2023-10-12 12:41:26",4,cp_steel,52846,15,20
1300114,"2023-10-12 12:41:26",4,cp_steel,78412,15,20
1300115,"2023-10-12 12:41:26",4,cp_steel,86278,15,20
1300116,"2023-10-12 12:41:26",4,cp_steel,86279,15,20
1300117,"2023-10-12 12:41:26",4,cp_steel,86281,15,20
1300118,"2023-10-12 12:45:30",4,cp_steel,86276,15,20
1300119,"2023-10-12 12:45:30",4,cp_steel,225,15,20
1300120,"2023-10-12 12:45:30",4,cp_steel,9434,15,20
1300121,"2023-10-12 12:45:30",4,cp_steel,67668,15,20
1300122,"2023-10-12 12:45:30",4,cp_steel,10345,15,20
1300123,"2023-10-12 12:45:30",4,cp_steel,86279,15,20
1300124,"2023-10-12 12:45:30",4,cp_steel,52846,15,20
1300125,"2023-10-12 12:45:30",4,cp_steel,86281,15,20
1300126,"2023-10-12 12:45:30",4,cp_steel,86278,15,20
1300127,"2023-10-12 12:45:30",4,cp_steel,86283,15,20
1300128,"2023-10-12 12:45:30",4,cp_steel,78412,15,20
1300129,"2023-10-12 12:49:34",4,cp_steel,86279,15,20
1300130,"2023-10-12 12:49:34",4,cp_steel,52846,15,20
1300131,"2023-10-12 12:49:34",4,cp_steel,86276,15,20
1300132,"2023-10-12 12:49:34",4,cp_steel,9434,15,20
1300133,"2023-10-12 12:49:34",4,cp_steel,67668,15,20
1300134,"2023-10-12 12:49:34",4,cp_steel,225,15,20
1300135,"2023-10-12 12:49:34",4,cp_steel,86284,15,20
1300136,"2023-10-12 12:49:34",4,cp_steel,10345,15,20
1300137,"2023-10-12 12:49:34",4,cp_steel,86281,15,20
1300138,"2023-10-12 12:49:34",4,cp_steel,86278,15,20
1300139,"2023-10-12 12:49:34",4,cp_steel,78412,15,20
1300140,"2023-10-12 12:49:38",4,cp_steel,225,23,5
1300141,"2023-10-12 12:49:38",4,cp_steel,9434,23,5
1300142,"2023-10-12 12:49:38",4,cp_steel,67668,23,5
1300143,"2023-10-12 12:49:38",4,cp_steel,10345,23,5
1300144,"2023-10-12 12:49:38",4,cp_steel,86284,23,5
1300145,"2023-10-12 12:49:38",4,cp_steel,86276,23,5
1300146,"2023-10-12 12:49:38",4,cp_steel,52846,23,5
1300147,"2023-10-12 12:49:38",4,cp_steel,86279,23,5
1300148,"2023-10-12 12:49:38",4,cp_steel,86278,23,5
1300149,"2023-10-12 12:49:38",4,cp_steel,78412,23,5
1300150,"2023-10-12 12:49:38",4,cp_steel,86281,23,5
1300151,"2023-10-12 12:49:39",4,cp_steel,86281,22,50
1300152,"2023-10-12 12:49:39",4,cp_steel,86278,22,50
1300153,"2023-10-12 12:49:39",4,cp_steel,78412,22,50
1300154,"2023-10-12 12:49:39",4,cp_steel,86279,22,50
1300155,"2023-10-12 12:49:39",4,cp_steel,52846,22,50
1300156,"2023-10-12 12:49:39",4,cp_steel,86276,22,50
1300157,"2023-10-12 12:49:39",4,cp_steel,86284,22,50
1300158,"2023-10-12 12:49:39",4,cp_steel,10345,22,50
1300159,"2023-10-12 12:49:39",4,cp_steel,9434,22,50
1300160,"2023-10-12 12:49:39",4,cp_steel,67668,22,50
1300161,"2023-10-12 12:49:39",4,cp_steel,225,22,50
1300162,"2023-10-12 12:57:48",4,cp_steel,71017,15,20
1300163,"2023-10-12 12:57:48",4,cp_steel,2,15,20
1300164,"2023-10-12 12:57:48",4,cp_steel,27049,15,20
1300165,"2023-10-12 12:57:48",4,cp_steel,67668,15,20
1300166,"2023-10-12 12:57:48",4,cp_steel,86276,15,20
1300167,"2023-10-12 12:57:48",4,cp_steel,223,15,20
1300168,"2023-10-12 12:57:48",4,cp_steel,562,15,20
1300169,"2023-10-12 12:57:48",4,cp_steel,78412,15,20
1300170,"2023-10-12 12:57:48",4,cp_steel,86285,15,20
1300171,"2023-10-12 12:57:48",4,cp_steel,70739,15,20
1300172,"2023-10-12 12:57:48",4,cp_steel,256,15,20
1300173,"2023-10-12 13:05:42",4,cp_steel,9434,15,20
1300174,"2023-10-12 13:05:42",4,cp_steel,10345,15,20
1300175,"2023-10-12 13:05:42",4,cp_steel,81665,15,20
1300176,"2023-10-12 13:05:42",4,cp_steel,71017,15,20
1300177,"2023-10-12 13:05:42",4,cp_steel,52846,15,20
1300178,"2023-10-12 13:05:42",4,cp_steel,86286,15,20
1300179,"2023-10-12 13:05:42",4,cp_steel,3288,15,20
1300180,"2023-10-12 13:05:42",4,cp_steel,86287,15,20
1300181,"2023-10-12 13:08:31",4,cp_steel,71017,15,20
1300182,"2023-10-12 13:08:31",4,cp_steel,52846,15,20
1300183,"2023-10-12 13:08:31",4,cp_steel,562,15,20
1300184,"2023-10-12 13:08:31",4,cp_steel,86286,15,20
1300185,"2023-10-12 13:08:31",4,cp_steel,3288,15,20
1300186,"2023-10-12 13:08:31",4,cp_steel,81665,15,20
1300187,"2023-10-12 13:08:31",4,cp_steel,10345,15,20
1300188,"2023-10-12 13:08:31",4,cp_steel,9434,15,20
1300189,"2023-10-12 13:16:29",4,cp_process_final,67668,22,50
1300190,"2023-10-12 13:16:29",4,cp_process_final,223,22,50
1300191,"2023-10-12 13:16:29",4,cp_process_final,2,22,50
1300192,"2023-10-12 13:16:29",4,cp_process_final,256,22,50
1300193,"2023-10-12 13:16:29",4,cp_process_final,86285,22,50
1300194,"2023-10-12 13:16:29",4,cp_process_final,70739,22,50
1300195,"2023-10-12 13:16:29",4,cp_process_final,78412,22,50
1300196,"2023-10-12 13:16:29",4,cp_process_final,27049,22,50
1300197,"2023-10-12 13:21:46",4,cp_process_final,562,15,20
1300198,"2023-10-12 13:21:46",4,cp_process_final,52846,15,20
1300199,"2023-10-12 13:21:46",4,cp_process_final,3288,15,20
1300200,"2023-10-12 13:21:46",4,cp_process_final,256,15,20
1300201,"2023-10-12 13:21:46",4,cp_process_final,2,15,20
1300202,"2023-10-12 13:21:46",4,cp_process_final,81665,15,20
1300203,"2023-10-12 13:21:46",4,cp_process_final,9434,15,20
1300204,"2023-10-12 13:22:13",4,cp_process_final,562,15,20
1300205,"2023-10-12 13:22:13",4,cp_process_final,52846,15,20
1300206,"2023-10-12 13:22:13",4,cp_process_final,2,15,20
1300207,"2023-10-12 13:22:13",4,cp_process_final,256,15,20
1300208,"2023-10-12 13:22:13",4,cp_process_final,3288,15,20
1300209,"2023-10-12 13:22:13",4,cp_process_final,9434,15,20
1300210,"2023-10-12 13:22:13",4,cp_process_final,81665,15,20
1300211,"2023-10-12 13:23:19",4,pd_selbyen,52846,15,20
1300212,"2023-10-12 13:23:19",4,pd_selbyen,256,15,20
1300213,"2023-10-12 13:23:19",4,pd_selbyen,2,15,20
1300214,"2023-10-12 13:23:19",4,pd_selbyen,81665,15,20
1300215,"2023-10-12 13:23:19",4,pd_selbyen,9434,15,20
1300216,"2023-10-12 13:23:21",4,pd_selbyen,52846,22,50
1300217,"2023-10-12 13:23:21",4,pd_selbyen,256,22,50
1300218,"2023-10-12 13:23:21",4,pd_selbyen,2,22,50
1300219,"2023-10-12 13:23:21",4,pd_selbyen,81665,22,50
1300220,"2023-10-12 13:23:21",4,pd_selbyen,9434,22,50
1300221,"2023-10-12 13:24:40",4,pd_selbyen,9434,15,20
1300222,"2023-10-12 13:24:40",4,pd_selbyen,81665,15,20
1300223,"2023-10-12 13:24:40",4,pd_selbyen,52846,15,20
1300224,"2023-10-12 13:24:40",4,pd_selbyen,2,15,20
1300225,"2023-10-12 13:24:40",4,pd_selbyen,256,15,20
1300226,"2023-10-12 13:25:21",4,pd_selbyen,256,15,20
1300227,"2023-10-12 13:25:21",4,pd_selbyen,2,15,20
1300228,"2023-10-12 13:25:21",4,pd_selbyen,52846,15,20
1300229,"2023-10-12 13:25:21",4,pd_selbyen,81665,15,20
1300230,"2023-10-12 13:25:21",4,pd_selbyen,9434,15,20
1300231,"2023-10-12 13:27:15",4,pd_selbyen,52846,15,20
1300232,"2023-10-12 13:27:15",4,pd_selbyen,2,15,20
1300233,"2023-10-12 13:27:15",4,pd_selbyen,256,15,20
1300234,"2023-10-12 13:27:15",4,pd_selbyen,9434,15,20
1300235,"2023-10-12 13:27:15",4,pd_selbyen,81665,15,20
1300236,"2023-10-12 13:27:18",4,pd_selbyen,256,22,50
1300237,"2023-10-12 13:27:18",4,pd_selbyen,2,22,50
1300238,"2023-10-12 13:27:18",4,pd_selbyen,52846,22,50
1300239,"2023-10-12 13:27:18",4,pd_selbyen,81665,22,50
1300240,"2023-10-12 13:27:18",4,pd_selbyen,9434,22,50
1300500,"2023-12-11 10:12:58",4,cp_metalworks,67668,15,20
1300501,"2023-12-11 10:12:58",4,cp_metalworks,198,15,20
1300502,"2023-12-11 10:12:58",4,cp_metalworks,2,15,20
1300503,"2023-12-11 10:12:58",4,cp_metalworks,70739,15,20
1300504,"2023-12-11 10:12:58",4,cp_metalworks,9434,15,20
1300505,"2023-12-11 10:12:58",4,cp_metalworks,74104,15,20
1300506,"2023-12-11 10:13:54",4,cp_metalworks,74104,15,20
1300507,"2023-12-11 10:13:54",4,cp_metalworks,9434,15,20
1300508,"2023-12-11 10:13:54",4,cp_metalworks,70739,15,20
1300509,"2023-12-11 10:13:54",4,cp_metalworks,2,15,20
1300510,"2023-12-11 10:13:54",4,cp_metalworks,198,15,20
1300511,"2023-12-11 10:13:54",4,cp_metalworks,67668,15,20
1300512,"2023-12-11 10:14:21",4,cp_metalworks,74104,15,20
1300513,"2023-12-11 10:14:21",4,cp_metalworks,70739,15,20
1300514,"2023-12-11 10:14:21",4,cp_metalworks,9434,15,20
1300515,"2023-12-11 10:14:21",4,cp_metalworks,2,15,20
1300516,"2023-12-11 10:14:21",4,cp_metalworks,198,15,20
1300517,"2023-12-11 10:14:21",4,cp_metalworks,67668,15,20
1300518,"2023-12-11 10:14:23",4,cp_metalworks,9434,22,50
1300519,"2023-12-11 10:14:23",4,cp_metalworks,70739,22,50
1300520,"2023-12-11 10:14:23",4,cp_metalworks,74104,22,50
1300521,"2023-12-11 10:14:23",4,cp_metalworks,2,22,50
1300522,"2023-12-11 10:14:23",4,cp_metalworks,67668,22,50
1300523,"2023-12-11 10:14:23",4,cp_metalworks,198,22,50
1300524,"2023-12-11 10:16:08",4,cp_metalworks,67668,15,20
1300525,"2023-12-11 10:16:08",4,cp_metalworks,198,15,20
1300526,"2023-12-11 10:16:08",4,cp_metalworks,2,15,20
1300527,"2023-12-11 10:16:08",4,cp_metalworks,9434,15,20
1300528,"2023-12-11 10:16:08",4,cp_metalworks,70739,15,20
1300529,"2023-12-11 10:16:08",4,cp_metalworks,74104,15,20
1300530,"2023-12-11 10:17:59",4,cp_metalworks,70739,15,20
1300531,"2023-12-11 10:17:59",4,cp_metalworks,9434,15,20
1300532,"2023-12-11 10:17:59",4,cp_metalworks,74104,15,20
1300533,"2023-12-11 10:17:59",4,cp_metalworks,2,15,20
1300534,"2023-12-11 10:17:59",4,cp_metalworks,67668,15,20
1300535,"2023-12-11 10:17:59",4,cp_metalworks,198,15,20
1300536,"2023-12-11 10:18:30",4,pl_badwater,2,15,20
1300537,"2023-12-11 10:18:30",4,pl_badwater,74104,15,20
1300538,"2023-12-11 10:18:30",4,pl_badwater,9434,15,20
1300539,"2023-12-11 10:18:30",4,pl_badwater,70739,15,20
1300540,"2023-12-11 10:18:30",4,pl_badwater,198,15,20
1300541,"2023-12-11 10:18:30",4,pl_badwater,67668,15,20
1300542,"2023-12-11 10:18:32",4,pl_badwater,74104,22,50
1300543,"2023-12-11 10:18:32",4,pl_badwater,9434,22,50
1300544,"2023-12-11 10:18:32",4,pl_badwater,70739,22,50
1300545,"2023-12-11 10:18:32",4,pl_badwater,2,22,50
1300546,"2023-12-11 10:18:32",4,pl_badwater,198,22,50
1300547,"2023-12-11 10:18:32",4,pl_badwater,67668,22,50
1300548,"2023-12-11 10:24:02",4,pl_badwater,9434,15,20
1300549,"2023-12-11 10:24:02",4,pl_badwater,256,15,20
1300550,"2023-12-11 10:24:02",4,pl_badwater,2,15,20
1300551,"2023-12-11 10:24:02",4,pl_badwater,198,15,20
1300552,"2023-12-11 10:24:02",4,pl_badwater,201,15,20
1300553,"2023-12-11 10:24:02",4,pl_badwater,78482,15,20
1300554,"2023-12-11 10:24:48",4,pl_badwater,198,15,20
1300555,"2023-12-11 10:24:48",4,pl_badwater,201,15,20
1300556,"2023-12-11 10:24:48",4,pl_badwater,78482,15,20
1300557,"2023-12-11 10:24:48",4,pl_badwater,256,15,20
1300558,"2023-12-11 10:24:48",4,pl_badwater,9434,15,20
1300559,"2023-12-11 10:24:48",4,pl_badwater,2,15,20
1300560,"2023-12-11 10:27:37",4,pl_badwater,2,15,20
1300561,"2023-12-11 10:27:37",4,pl_badwater,256,15,20
1300562,"2023-12-11 10:27:37",4,pl_badwater,9434,15,20
1300563,"2023-12-11 10:27:37",4,pl_badwater,78482,15,20
1300564,"2023-12-11 10:27:37",4,pl_badwater,201,15,20
1300565,"2023-12-11 10:27:37",4,pl_badwater,198,15,20
1300566,"2023-12-11 10:32:03",4,pl_badwater,12279,15,20
1300567,"2023-12-11 10:32:03",4,pl_badwater,74104,15,20
1300568,"2023-12-11 10:32:03",4,pl_badwater,223,15,20
1300569,"2023-12-11 10:32:03",4,pl_badwater,70739,15,20
1300570,"2023-12-11 10:32:03",4,pl_badwater,87022,15,20
1300571,"2023-12-11 10:32:03",4,pl_badwater,67668,15,20
1300572,"2023-12-11 10:32:03",4,pl_badwater,87021,15,20
1300573,"2023-12-11 10:33:51",4,pl_badwater,67668,15,20
1300574,"2023-12-11 10:33:51",4,pl_badwater,87021,15,20
1300575,"2023-12-11 10:33:51",4,pl_badwater,70739,15,20
1300576,"2023-12-11 10:33:51",4,pl_badwater,87022,15,20
1300577,"2023-12-11 10:33:51",4,pl_badwater,223,15,20
1300578,"2023-12-11 10:33:51",4,pl_badwater,12279,15,20
1300579,"2023-12-11 10:33:51",4,pl_badwater,74104,15,20
1300580,"2023-12-11 10:36:07",4,pl_badwater,87021,15,20
1300581,"2023-12-11 10:36:07",4,pl_badwater,67668,15,20
1300582,"2023-12-11 10:36:07",4,pl_badwater,70739,15,20
1300583,"2023-12-11 10:36:07",4,pl_badwater,87022,15,20
1300584,"2023-12-11 10:36:07",4,pl_badwater,223,15,20
1300585,"2023-12-11 10:36:07",4,pl_badwater,12279,15,20
1300586,"2023-12-11 10:36:07",4,pl_badwater,74104,15,20
1300587,"2023-12-11 10:36:11",4,pl_badwater,12279,23,5
1300588,"2023-12-11 10:36:11",4,pl_badwater,74104,23,5
1300589,"2023-12-11 10:36:11",4,pl_badwater,223,23,5
1300590,"2023-12-11 10:36:11",4,pl_badwater,70739,23,5
1300591,"2023-12-11 10:36:11",4,pl_badwater,87022,23,5
1300592,"2023-12-11 10:36:11",4,pl_badwater,67668,23,5
1300593,"2023-12-11 10:36:11",4,pl_badwater,87021,23,5
1300594,"2023-12-11 10:36:32",4,pl_badwater,223,22,50
1300595,"2023-12-11 10:36:32",4,pl_badwater,74104,22,50
1300596,"2023-12-11 10:36:32",4,pl_badwater,12279,22,50
1300597,"2023-12-11 10:36:32",4,pl_badwater,87021,22,50
1300598,"2023-12-11 10:36:32",4,pl_badwater,67668,22,50
1300599,"2023-12-11 10:36:32",4,pl_badwater,87022,22,50
1300600,"2023-12-11 10:36:32",4,pl_badwater,70739,22,50
1300601,"2023-12-11 10:41:39",4,ctf_haarp,198,2,1
1300602,"2023-12-11 10:41:39",4,ctf_haarp,256,2,1
1300603,"2023-12-11 10:41:39",4,ctf_haarp,70739,2,1
1300604,"2023-12-11 10:41:39",4,ctf_haarp,87022,2,1
1300605,"2023-12-11 10:41:39",4,ctf_haarp,223,2,1
1300606,"2023-12-11 10:41:39",4,ctf_haarp,78482,2,1
1300607,"2023-12-11 10:41:39",4,ctf_haarp,12279,2,1
1300608,"2023-12-11 10:42:58",4,ctf_haarp,12279,2,1
1300609,"2023-12-11 10:42:58",4,ctf_haarp,78482,2,1
1300610,"2023-12-11 10:42:58",4,ctf_haarp,223,2,1
1300611,"2023-12-11 10:42:58",4,ctf_haarp,87022,2,1
1300612,"2023-12-11 10:42:58",4,ctf_haarp,70739,2,1
1300613,"2023-12-11 10:42:58",4,ctf_haarp,256,2,1
1300614,"2023-12-11 10:42:58",4,ctf_haarp,198,2,1
1300615,"2023-12-11 10:43:11",4,ctf_haarp,12279,23,5
1300616,"2023-12-11 10:43:11",4,ctf_haarp,78482,23,5
1300617,"2023-12-11 10:43:11",4,ctf_haarp,223,23,5
1300618,"2023-12-11 10:43:11",4,ctf_haarp,87022,23,5
1300619,"2023-12-11 10:43:11",4,ctf_haarp,70739,23,5
1300620,"2023-12-11 10:43:11",4,ctf_haarp,256,23,5
1300621,"2023-12-11 10:43:11",4,ctf_haarp,198,23,5
1300622,"2023-12-11 10:48:17",4,ctf_haarp,70739,2,1
1300623,"2023-12-11 10:48:17",4,ctf_haarp,87022,2,1
1300624,"2023-12-11 10:48:17",4,ctf_haarp,198,2,1
1300625,"2023-12-11 10:48:17",4,ctf_haarp,256,2,1
1300626,"2023-12-11 10:48:17",4,ctf_haarp,12279,2,1
1300627,"2023-12-11 10:48:17",4,ctf_haarp,65182,2,1
1300628,"2023-12-11 10:48:17",4,ctf_haarp,223,2,1
1300629,"2023-12-11 10:48:17",4,ctf_haarp,78482,2,1
1300630,"2023-12-11 10:50:00",4,ctf_haarp,87022,2,1
1300631,"2023-12-11 10:50:00",4,ctf_haarp,70739,2,1
1300632,"2023-12-11 10:50:00",4,ctf_haarp,256,2,1
1300633,"2023-12-11 10:50:00",4,ctf_haarp,198,2,1
1300634,"2023-12-11 10:50:00",4,ctf_haarp,12279,2,1
1300635,"2023-12-11 10:50:00",4,ctf_haarp,78482,2,1
1300636,"2023-12-11 10:50:00",4,ctf_haarp,223,2,1
1300637,"2023-12-11 10:50:00",4,ctf_haarp,65182,2,1
1300638,"2023-12-11 10:50:02",4,ctf_haarp,78482,23,5
1300639,"2023-12-11 10:50:02",4,ctf_haarp,223,23,5
1300640,"2023-12-11 10:50:02",4,ctf_haarp,65182,23,5
1300641,"2023-12-11 10:50:02",4,ctf_haarp,12279,23,5
1300642,"2023-12-11 10:50:02",4,ctf_haarp,256,23,5
1300643,"2023-12-11 10:50:02",4,ctf_haarp,198,23,5
1300644,"2023-12-11 10:50:02",4,ctf_haarp,87022,23,5
1300645,"2023-12-11 10:50:02",4,ctf_haarp,70739,23,5
1300646,"2023-12-11 10:54:52",4,ctf_haarp,223,2,1
1300647,"2023-12-11 10:54:52",4,ctf_haarp,12279,2,1
1300648,"2023-12-11 10:54:52",4,ctf_haarp,198,2,1
1300649,"2023-12-11 10:54:52",4,ctf_haarp,256,2,1
1300650,"2023-12-11 10:54:52",4,ctf_haarp,78482,2,1
1300651,"2023-12-11 10:54:52",4,ctf_haarp,70739,2,1
1300652,"2023-12-11 10:54:52",4,ctf_haarp,87022,2,1
1300653,"2023-12-11 10:56:06",4,ctf_haarp,223,2,1
1300654,"2023-12-11 10:56:06",4,ctf_haarp,12279,2,1
1300655,"2023-12-11 10:56:06",4,ctf_haarp,198,2,1
1300656,"2023-12-11 10:56:06",4,ctf_haarp,256,2,1
1300657,"2023-12-11 10:56:06",4,ctf_haarp,78482,2,1
1300658,"2023-12-11 10:56:06",4,ctf_haarp,70739,2,1
1300659,"2023-12-11 10:56:06",4,ctf_haarp,87022,2,1
1300660,"2023-12-11 10:56:08",4,ctf_haarp,70739,23,5
1300661,"2023-12-11 10:56:08",4,ctf_haarp,87022,23,5
1300662,"2023-12-11 10:56:08",4,ctf_haarp,198,23,5
1300663,"2023-12-11 10:56:08",4,ctf_haarp,78482,23,5
1300664,"2023-12-11 10:56:08",4,ctf_haarp,256,23,5
1300665,"2023-12-11 10:56:08",4,ctf_haarp,12279,23,5
1300666,"2023-12-11 10:56:08",4,ctf_haarp,223,23,5
1300667,"2023-12-11 10:56:10",4,ctf_haarp,87022,22,50
1300668,"2023-12-11 10:56:10",4,ctf_haarp,70739,22,50
1300669,"2023-12-11 10:56:10",4,ctf_haarp,78482,22,50
1300670,"2023-12-11 10:56:10",4,ctf_haarp,256,22,50
1300671,"2023-12-11 10:56:10",4,ctf_haarp,198,22,50
1300672,"2023-12-11 10:56:10",4,ctf_haarp,12279,22,50
1300673,"2023-12-11 10:56:10",4,ctf_haarp,223,22,50
1300674,"2023-12-11 11:12:59",4,plr_hacksaw,12279,15,20
1300675,"2023-12-11 11:12:59",4,plr_hacksaw,10345,15,20
1300676,"2023-12-11 11:12:59",4,plr_hacksaw,27950,15,20
1300677,"2023-12-11 11:12:59",4,plr_hacksaw,474,15,20
1300678,"2023-12-11 11:12:59",4,plr_hacksaw,3288,15,20
1300679,"2023-12-11 11:12:59",4,plr_hacksaw,223,15,20
1300680,"2023-12-11 11:12:59",4,plr_hacksaw,2,15,20
1300681,"2023-12-11 11:13:12",4,plr_hacksaw,223,23,5
1300682,"2023-12-11 11:13:12",4,plr_hacksaw,3288,23,5
1300683,"2023-12-11 11:13:12",4,plr_hacksaw,474,23,5
1300684,"2023-12-11 11:13:12",4,plr_hacksaw,12279,23,5
1300685,"2023-12-11 11:13:12",4,plr_hacksaw,10345,23,5
1300686,"2023-12-11 11:13:12",4,plr_hacksaw,27950,23,5
1300687,"2023-12-11 11:13:12",4,plr_hacksaw,2,23,5
1300688,"2023-12-11 11:13:14",4,plr_hacksaw,2,22,50
1300689,"2023-12-11 11:13:14",4,plr_hacksaw,474,22,50
1300690,"2023-12-11 11:13:14",4,plr_hacksaw,223,22,50
1300691,"2023-12-11 11:13:14",4,plr_hacksaw,3288,22,50
1300692,"2023-12-11 11:13:14",4,plr_hacksaw,27950,22,50
1300693,"2023-12-11 11:13:14",4,plr_hacksaw,10345,22,50
1300694,"2023-12-11 11:13:14",4,plr_hacksaw,12279,22,50
1300695,"2023-12-11 11:22:32",4,pl_borneo,9434,15,20
1300696,"2023-12-11 11:22:32",4,pl_borneo,70988,15,20
1300697,"2023-12-11 11:22:32",4,pl_borneo,67668,15,20
1300698,"2023-12-11 11:22:32",4,pl_borneo,201,15,20
1300699,"2023-12-11 11:22:32",4,pl_borneo,2,15,20
1300700,"2023-12-11 11:22:32",4,pl_borneo,256,15,20
1300701,"2023-12-11 11:22:32",4,pl_borneo,198,15,20
1300702,"2023-12-11 11:22:52",4,pl_borneo,198,23,5
1300703,"2023-12-11 11:22:52",4,pl_borneo,256,23,5
1300704,"2023-12-11 11:22:52",4,pl_borneo,67668,23,5
1300705,"2023-12-11 11:22:52",4,pl_borneo,201,23,5
1300706,"2023-12-11 11:22:52",4,pl_borneo,2,23,5
1300707,"2023-12-11 11:22:52",4,pl_borneo,70988,23,5
1300708,"2023-12-11 11:22:52",4,pl_borneo,9434,23,5
1300709,"2023-12-11 11:22:54",4,pl_borneo,201,22,50
1300710,"2023-12-11 11:22:54",4,pl_borneo,67668,22,50
1300711,"2023-12-11 11:22:54",4,pl_borneo,2,22,50
1300712,"2023-12-11 11:22:54",4,pl_borneo,256,22,50
1300713,"2023-12-11 11:22:54",4,pl_borneo,198,22,50
1300714,"2023-12-11 11:22:54",4,pl_borneo,9434,22,50
1300715,"2023-12-11 11:22:54",4,pl_borneo,70988,22,50
1300716,"2023-12-11 11:32:00",4,pl_borneo,78482,15,20
1300717,"2023-12-11 11:32:00",4,pl_borneo,223,15,20
1300718,"2023-12-11 11:32:00",4,pl_borneo,201,15,20
1300719,"2023-12-11 11:32:00",4,pl_borneo,27950,15,20
1300720,"2023-12-11 11:32:00",4,pl_borneo,198,15,20
1300721,"2023-12-11 11:32:00",4,pl_borneo,256,15,20
1300722,"2023-12-11 11:32:00",4,pl_borneo,10345,15,20
1300723,"2023-12-11 11:32:00",4,pl_borneo,3288,15,20
1300724,"2023-12-11 11:38:01",4,pl_borneo,78482,23,5
1300725,"2023-12-11 11:38:01",4,pl_borneo,223,23,5
1300726,"2023-12-11 11:38:01",4,pl_borneo,201,23,5
1300727,"2023-12-11 11:38:01",4,pl_borneo,27950,23,5
1300728,"2023-12-11 11:38:01",4,pl_borneo,198,23,5
1300729,"2023-12-11 11:38:01",4,pl_borneo,10345,23,5
1300730,"2023-12-11 11:38:01",4,pl_borneo,256,23,5
1300731,"2023-12-11 11:38:01",4,pl_borneo,83016,23,5
1300732,"2023-12-11 11:38:01",4,pl_borneo,3288,23,5
1300733,"2023-12-11 11:38:03",4,pl_borneo,201,22,50
1300734,"2023-12-11 11:38:03",4,pl_borneo,27950,22,50
1300735,"2023-12-11 11:38:03",4,pl_borneo,198,22,50
1300736,"2023-12-11 11:38:03",4,pl_borneo,78482,22,50
1300737,"2023-12-11 11:38:03",4,pl_borneo,223,22,50
1300738,"2023-12-11 11:38:03",4,pl_borneo,3288,22,50
1300739,"2023-12-11 11:38:03",4,pl_borneo,10345,22,50
1300740,"2023-12-11 11:38:03",4,pl_borneo,256,22,50
1300741,"2023-12-11 11:38:03",4,pl_borneo,83016,22,50
1300742,"2023-12-11 11:46:29",4,pl_borneo,9434,15,20
1300743,"2023-12-11 11:46:29",4,pl_borneo,562,15,20
1300744,"2023-12-11 11:46:29",4,pl_borneo,12279,15,20
1300745,"2023-12-11 11:46:29",4,pl_borneo,474,15,20
1300746,"2023-12-11 11:46:29",4,pl_borneo,2,15,20
1300747,"2023-12-11 11:46:29",4,pl_borneo,75248,15,20
1300748,"2023-12-11 11:46:29",4,pl_borneo,67668,15,20
1300749,"2023-12-11 11:46:29",4,pl_borneo,70988,15,20
1300750,"2023-12-11 11:46:29",4,pl_borneo,83016,15,20
1300751,"2023-12-11 11:48:05",4,pl_borneo,2,15,20
1300752,"2023-12-11 11:48:05",4,pl_borneo,474,15,20
1300753,"2023-12-11 11:48:05",4,pl_borneo,75248,15,20
1300754,"2023-12-11 11:48:05",4,pl_borneo,562,15,20
1300755,"2023-12-11 11:48:05",4,pl_borneo,9434,15,20
1300756,"2023-12-11 11:48:05",4,pl_borneo,12279,15,20
1300757,"2023-12-11 11:48:05",4,pl_borneo,60306,15,20
1300758,"2023-12-11 11:48:05",4,pl_borneo,83016,15,20
1300759,"2023-12-11 11:48:05",4,pl_borneo,70988,15,20
1300760,"2023-12-11 11:48:05",4,pl_borneo,67668,15,20
1300761,"2023-12-11 11:58:15",4,pl_badwater,70988,15,20
1300762,"2023-12-11 11:58:15",4,pl_badwater,9844,15,20
1300763,"2023-12-11 11:58:15",4,pl_badwater,67668,15,20
1300764,"2023-12-11 11:58:15",4,pl_badwater,78482,15,20
1300765,"2023-12-11 11:58:15",4,pl_badwater,474,15,20
1300766,"2023-12-11 11:58:15",4,pl_badwater,2,15,20
1300767,"2023-12-11 11:58:15",4,pl_badwater,12279,15,20
1300768,"2023-12-11 11:58:15",4,pl_badwater,9434,15,20
1300769,"2023-12-11 11:58:15",4,pl_badwater,562,15,20
1300770,"2023-12-11 12:03:32",4,pl_badwater,12279,15,20
1300771,"2023-12-11 12:03:32",4,pl_badwater,10345,15,20
1300772,"2023-12-11 12:03:32",4,pl_badwater,223,15,20
1300773,"2023-12-11 12:03:32",4,pl_badwater,50111,15,20
1300774,"2023-12-11 12:03:32",4,pl_badwater,87026,15,20
1300775,"2023-12-11 12:03:32",4,pl_badwater,9434,15,20
1300776,"2023-12-11 12:03:32",4,pl_badwater,87027,15,20
1300777,"2023-12-11 12:03:32",4,pl_badwater,562,15,20
1300778,"2023-12-11 12:03:32",4,pl_badwater,27950,15,20
1300779,"2023-12-11 12:07:24",4,pl_badwater,27950,15,20
1300780,"2023-12-11 12:07:24",4,pl_badwater,562,15,20
1300781,"2023-12-11 12:07:24",4,pl_badwater,87027,15,20
1300782,"2023-12-11 12:07:24",4,pl_badwater,9434,15,20
1300783,"2023-12-11 12:07:24",4,pl_badwater,50111,15,20
1300784,"2023-12-11 12:07:24",4,pl_badwater,10345,15,20
1300785,"2023-12-11 12:07:24",4,pl_badwater,223,15,20
1300786,"2023-12-11 12:07:24",4,pl_badwater,12279,15,20
1300787,"2023-12-11 12:07:27",4,pl_badwater,27950,23,5
1300788,"2023-12-11 12:07:27",4,pl_badwater,562,23,5
1300789,"2023-12-11 12:07:27",4,pl_badwater,9434,23,5
1300790,"2023-12-11 12:07:27",4,pl_badwater,87027,23,5
1300791,"2023-12-11 12:07:27",4,pl_badwater,50111,23,5
1300792,"2023-12-11 12:07:27",4,pl_badwater,223,23,5
1300793,"2023-12-11 12:07:27",4,pl_badwater,10345,23,5
1300794,"2023-12-11 12:07:27",4,pl_badwater,12279,23,5
1300795,"2023-12-11 12:07:28",4,pl_badwater,87027,22,50
1300796,"2023-12-11 12:07:28",4,pl_badwater,9434,22,50
1300797,"2023-12-11 12:07:28",4,pl_badwater,27950,22,50
1300798,"2023-12-11 12:07:28",4,pl_badwater,562,22,50
1300799,"2023-12-11 12:07:28",4,pl_badwater,12279,22,50
1300800,"2023-12-11 12:07:28",4,pl_badwater,223,22,50
1300801,"2023-12-11 12:07:28",4,pl_badwater,10345,22,50
1300802,"2023-12-11 12:07:28",4,pl_badwater,50111,22,50
1300803,"2023-12-11 12:11:20",4,pl_badwater,67668,15,20
1300804,"2023-12-11 12:11:20",4,pl_badwater,9844,15,20
1300805,"2023-12-11 12:11:20",4,pl_badwater,256,15,20
1300806,"2023-12-11 12:11:20",4,pl_badwater,474,15,20
1300807,"2023-12-11 12:11:20",4,pl_badwater,49173,15,20
1300808,"2023-12-11 12:11:20",4,pl_badwater,198,15,20
1300809,"2023-12-11 12:11:20",4,pl_badwater,2,15,20
1300810,"2023-12-11 12:11:20",4,pl_badwater,3288,15,20
1300811,"2023-12-11 12:12:40",4,pl_badwater,49173,15,20
1300812,"2023-12-11 12:12:40",4,pl_badwater,256,15,20
1300813,"2023-12-11 12:12:40",4,pl_badwater,474,15,20
1300814,"2023-12-11 12:12:40",4,pl_badwater,3288,15,20
1300815,"2023-12-11 12:12:40",4,pl_badwater,198,15,20
1300816,"2023-12-11 12:12:40",4,pl_badwater,2,15,20
1300817,"2023-12-11 12:12:40",4,pl_badwater,9844,15,20
1300818,"2023-12-11 12:12:40",4,pl_badwater,67668,15,20
1300819,"2023-12-11 12:13:29",4,pl_badwater,67668,15,20
1300820,"2023-12-11 12:13:29",4,pl_badwater,9844,15,20
1300821,"2023-12-11 12:13:29",4,pl_badwater,49173,15,20
1300822,"2023-12-11 12:13:29",4,pl_badwater,474,15,20
1300823,"2023-12-11 12:13:29",4,pl_badwater,256,15,20
1300824,"2023-12-11 12:13:29",4,pl_badwater,2,15,20
1300825,"2023-12-11 12:13:29",4,pl_badwater,198,15,20
1300826,"2023-12-11 12:13:29",4,pl_badwater,3288,15,20
1300827,"2023-12-11 12:27:17",4,pl_upward,12279,23,5
1300828,"2023-12-11 12:27:17",4,pl_upward,223,23,5
1300829,"2023-12-11 12:27:17",4,pl_upward,10345,23,5
1300830,"2023-12-11 12:27:17",4,pl_upward,9434,23,5
1300831,"2023-12-11 12:27:17",4,pl_upward,27950,23,5
1300832,"2023-12-11 12:27:17",4,pl_upward,562,23,5
1300833,"2023-12-11 12:27:17",4,pl_upward,3288,23,5
1300834,"2023-12-11 12:27:38",4,pl_upward,10345,22,50
1300835,"2023-12-11 12:27:38",4,pl_upward,223,22,50
1300836,"2023-12-11 12:27:38",4,pl_upward,12279,22,50
1300837,"2023-12-11 12:27:38",4,pl_upward,3288,22,50
1300838,"2023-12-11 12:27:38",4,pl_upward,27950,22,50
1300839,"2023-12-11 12:27:38",4,pl_upward,562,22,50
1300840,"2023-12-11 12:27:38",4,pl_upward,9434,22,50
1300241,"2023-11-19 09:38:00",4,pd_selbyen,70739,22,50
1300242,"2023-11-19 09:38:00",4,pd_selbyen,3288,22,50
1300243,"2023-11-19 09:38:00",4,pd_selbyen,25096,22,50
1300244,"2023-11-19 09:38:00",4,pd_selbyen,9434,22,50
1300245,"2023-11-19 09:38:00",4,pd_selbyen,201,22,50
1300246,"2023-11-19 09:38:00",4,pd_selbyen,11529,22,50
1300247,"2023-11-19 09:53:40",4,pl_badwater,11529,23,5
1300248,"2023-11-19 09:53:40",4,pl_badwater,49173,23,5
1300249,"2023-11-19 09:53:40",4,pl_badwater,9434,23,5
1300250,"2023-11-19 09:53:40",4,pl_badwater,78482,23,5
1300251,"2023-11-19 09:53:40",4,pl_badwater,3288,23,5
1300252,"2023-11-19 09:53:43",4,pl_badwater,78482,22,50
1300253,"2023-11-19 09:53:43",4,pl_badwater,3288,22,50
1300254,"2023-11-19 09:53:43",4,pl_badwater,11529,22,50
1300255,"2023-11-19 09:53:43",4,pl_badwater,49173,22,50
1300256,"2023-11-19 09:53:43",4,pl_badwater,9434,22,50
1300257,"2023-11-19 09:56:47",4,pl_badwater,11529,15,20
1300258,"2023-11-19 09:56:47",4,pl_badwater,49173,15,20
1300259,"2023-11-19 09:56:47",4,pl_badwater,9434,15,20
1300260,"2023-11-19 09:56:47",4,pl_badwater,86658,15,20
1300261,"2023-11-19 09:56:47",4,pl_badwater,78482,15,20
1300262,"2023-11-19 09:56:47",4,pl_badwater,3288,15,20
1300263,"2023-11-19 09:59:23",4,pl_badwater,9434,15,20
1300264,"2023-11-19 09:59:23",4,pl_badwater,49173,15,20
1300265,"2023-11-19 09:59:23",4,pl_badwater,86658,15,20
1300266,"2023-11-19 09:59:23",4,pl_badwater,11529,15,20
1300267,"2023-11-19 09:59:23",4,pl_badwater,3288,15,20
1300268,"2023-11-19 09:59:23",4,pl_badwater,78482,15,20
1300269,"2023-11-19 10:11:35",4,pl_borneo,9434,15,20
1300270,"2023-11-19 10:11:35",4,pl_borneo,86405,15,20
1300271,"2023-11-19 10:11:35",4,pl_borneo,49173,15,20
1300272,"2023-11-19 10:11:35",4,pl_borneo,72861,15,20
1300273,"2023-11-19 10:11:35",4,pl_borneo,52846,15,20
1300274,"2023-11-19 10:11:35",4,pl_borneo,78482,15,20
1300275,"2023-11-19 10:11:35",4,pl_borneo,11529,15,20
1300276,"2023-11-19 10:11:35",4,pl_borneo,86658,15,20
1300277,"2023-11-19 10:11:38",4,pl_borneo,52846,23,5
1300278,"2023-11-19 10:11:38",4,pl_borneo,49173,23,5
1300279,"2023-11-19 10:11:38",4,pl_borneo,72861,23,5
1300280,"2023-11-19 10:11:38",4,pl_borneo,86405,23,5
1300281,"2023-11-19 10:11:38",4,pl_borneo,9434,23,5
1300282,"2023-11-19 10:11:38",4,pl_borneo,86658,23,5
1300283,"2023-11-19 10:11:38",4,pl_borneo,11529,23,5
1300284,"2023-11-19 10:11:38",4,pl_borneo,78482,23,5
1300285,"2023-11-19 10:11:39",4,pl_borneo,86658,22,50
1300286,"2023-11-19 10:11:39",4,pl_borneo,78482,22,50
1300287,"2023-11-19 10:11:39",4,pl_borneo,11529,22,50
1300288,"2023-11-19 10:11:39",4,pl_borneo,72861,22,50
1300289,"2023-11-19 10:11:39",4,pl_borneo,49173,22,50
1300290,"2023-11-19 10:11:39",4,pl_borneo,52846,22,50
1300291,"2023-11-19 10:11:39",4,pl_borneo,86405,22,50
1300292,"2023-11-19 10:11:39",4,pl_borneo,9434,22,50
1300293,"2023-11-19 10:21:21",4,pl_borneo,86405,15,20
1300294,"2023-11-19 10:21:21",4,pl_borneo,3288,15,20
1300295,"2023-11-19 10:21:21",4,pl_borneo,223,15,20
1300296,"2023-11-19 10:21:21",4,pl_borneo,78412,15,20
1300297,"2023-11-19 10:21:21",4,pl_borneo,52846,15,20
1300298,"2023-11-19 10:21:21",4,pl_borneo,72861,15,20
1300299,"2023-11-19 10:21:21",4,pl_borneo,78482,15,20
1300300,"2023-11-19 10:21:21",4,pl_borneo,201,15,20
1300301,"2023-11-19 10:27:11",4,pl_borneo,78412,15,20
1300302,"2023-11-19 10:27:11",4,pl_borneo,223,15,20
1300303,"2023-11-19 10:27:11",4,pl_borneo,72861,15,20
1300304,"2023-11-19 10:27:11",4,pl_borneo,52846,15,20
1300305,"2023-11-19 10:27:11",4,pl_borneo,86405,15,20
1300306,"2023-11-19 10:27:11",4,pl_borneo,3288,15,20
1300307,"2023-11-19 10:27:11",4,pl_borneo,78482,15,20
1300308,"2023-11-19 10:27:11",4,pl_borneo,201,15,20
1300309,"2023-11-19 10:32:15",4,pl_borneo,2,15,20
1300310,"2023-11-19 10:32:15",4,pl_borneo,256,15,20
1300311,"2023-11-19 10:32:15",4,pl_borneo,70739,15,20
1300312,"2023-11-19 10:32:15",4,pl_borneo,83202,15,20
1300313,"2023-11-19 10:32:15",4,pl_borneo,11529,15,20
1300314,"2023-11-19 10:32:15",4,pl_borneo,81665,15,20
1300315,"2023-11-19 10:32:15",4,pl_borneo,49173,15,20
1300316,"2023-11-19 10:39:30",4,pl_upward,9434,23,5
1300317,"2023-11-19 10:39:30",4,pl_upward,49173,23,5
1300318,"2023-11-19 10:39:30",4,pl_upward,81665,23,5
1300319,"2023-11-19 10:39:30",4,pl_upward,11529,23,5
1300320,"2023-11-19 10:39:30",4,pl_upward,83202,23,5
1300321,"2023-11-19 10:39:30",4,pl_upward,70739,23,5
1300322,"2023-11-19 10:39:30",4,pl_upward,2,23,5
1300323,"2023-11-19 10:39:30",4,pl_upward,67668,23,5
1300324,"2023-11-19 10:39:30",4,pl_upward,256,23,5
1300325,"2023-11-19 10:39:56",4,pl_upward,81665,22,50
1300326,"2023-11-19 10:39:56",4,pl_upward,49173,22,50
1300327,"2023-11-19 10:39:56",4,pl_upward,9434,22,50
1300328,"2023-11-19 10:39:56",4,pl_upward,67668,22,50
1300329,"2023-11-19 10:39:56",4,pl_upward,256,22,50
1300330,"2023-11-19 10:39:56",4,pl_upward,2,22,50
1300331,"2023-11-19 10:39:56",4,pl_upward,11529,22,50
1300332,"2023-11-19 10:39:56",4,pl_upward,83202,22,50
1300333,"2023-11-19 10:39:56",4,pl_upward,70739,22,50
1300334,"2023-11-19 10:53:11",4,pl_upward,2,23,5
1300335,"2023-11-19 10:53:11",4,pl_upward,70739,23,5
1300336,"2023-11-19 10:53:11",4,pl_upward,78482,23,5
1300337,"2023-11-19 10:53:11",4,pl_upward,9434,23,5
1300338,"2023-11-19 10:53:11",4,pl_upward,49173,23,5
1300339,"2023-11-19 10:53:11",4,pl_upward,81665,23,5
1300340,"2023-11-19 10:53:11",4,pl_upward,3288,23,5
1300341,"2023-11-19 10:53:11",4,pl_upward,86405,23,5
1300342,"2023-11-19 10:53:14",4,pl_upward,78482,22,50
1300343,"2023-11-19 10:53:14",4,pl_upward,3288,22,50
1300344,"2023-11-19 10:53:14",4,pl_upward,86405,22,50
1300345,"2023-11-19 10:53:14",4,pl_upward,49173,22,50
1300346,"2023-11-19 10:53:14",4,pl_upward,81665,22,50
1300347,"2023-11-19 10:53:14",4,pl_upward,9434,22,50
1300348,"2023-11-19 10:53:14",4,pl_upward,2,22,50
1300349,"2023-11-19 10:53:14",4,pl_upward,70739,22,50
1300350,"2023-11-19 10:59:46",4,cp_sunshine,49173,15,20
1300351,"2023-11-19 10:59:46",4,cp_sunshine,81665,15,20
1300352,"2023-11-19 10:59:46",4,cp_sunshine,9434,15,20
1300353,"2023-11-19 10:59:46",4,cp_sunshine,86405,15,20
1300354,"2023-11-19 10:59:46",4,cp_sunshine,3288,15,20
1300355,"2023-11-19 10:59:46",4,cp_sunshine,78482,15,20
1300356,"2023-11-19 10:59:46",4,cp_sunshine,86664,15,20
1300357,"2023-11-19 10:59:46",4,cp_sunshine,70739,15,20
1300358,"2023-11-19 10:59:46",4,cp_sunshine,2,15,20
1300359,"2023-11-19 11:11:41",4,cp_sunshine,2,15,20
1300360,"2023-11-19 11:11:41",4,cp_sunshine,223,15,20
1300361,"2023-11-19 11:11:41",4,cp_sunshine,52846,15,20
1300362,"2023-11-19 11:11:41",4,cp_sunshine,81665,15,20
1300363,"2023-11-19 11:11:41",4,cp_sunshine,256,15,20
1300364,"2023-11-19 11:11:41",4,cp_sunshine,67668,15,20
1300365,"2023-11-19 11:11:41",4,cp_sunshine,78482,15,20
1300366,"2023-11-19 11:11:41",4,cp_sunshine,78412,15,20
1300367,"2023-11-19 11:11:41",4,cp_sunshine,86666,15,20
1300368,"2023-11-19 11:11:44",4,cp_sunshine,78412,22,50
1300369,"2023-11-19 11:11:44",4,cp_sunshine,86666,22,50
1300370,"2023-11-19 11:11:44",4,cp_sunshine,78482,22,50
1300371,"2023-11-19 11:11:44",4,cp_sunshine,52846,22,50
1300372,"2023-11-19 11:11:44",4,cp_sunshine,81665,22,50
1300373,"2023-11-19 11:11:44",4,cp_sunshine,67668,22,50
1300374,"2023-11-19 11:11:44",4,cp_sunshine,256,22,50
1300375,"2023-11-19 11:11:44",4,cp_sunshine,2,22,50
1300376,"2023-11-19 11:11:44",4,cp_sunshine,223,22,50
1300377,"2023-11-19 11:14:49",4,cp_sunshine,2,15,20
1300378,"2023-11-19 11:14:49",4,cp_sunshine,223,15,20
1300379,"2023-11-19 11:14:49",4,cp_sunshine,67668,15,20
1300380,"2023-11-19 11:14:49",4,cp_sunshine,256,15,20
1300381,"2023-11-19 11:14:49",4,cp_sunshine,52846,15,20
1300382,"2023-11-19 11:14:49",4,cp_sunshine,81665,15,20
1300383,"2023-11-19 11:14:49",4,cp_sunshine,78482,15,20
1300384,"2023-11-19 11:14:49",4,cp_sunshine,86666,15,20
1300385,"2023-11-19 11:14:49",4,cp_sunshine,78412,15,20
1300386,"2023-11-19 11:19:31",4,cp_sunshine,83202,15,20
1300387,"2023-11-19 11:19:31",4,cp_sunshine,12279,15,20
1300388,"2023-11-19 11:19:31",4,cp_sunshine,225,15,20
1300389,"2023-11-19 11:19:31",4,cp_sunshine,86668,15,20
1300390,"2023-11-19 11:19:31",4,cp_sunshine,3288,15,20
1300391,"2023-11-19 11:19:31",4,cp_sunshine,86665,15,20
1300392,"2023-11-19 11:19:31",4,cp_sunshine,49173,15,20
1300393,"2023-11-19 11:19:31",4,cp_sunshine,9434,15,20
1300394,"2023-11-19 11:20:01",4,cp_sunshine,83202,15,20
1300395,"2023-11-19 11:20:01",4,cp_sunshine,9434,15,20
1300396,"2023-11-19 11:20:01",4,cp_sunshine,86665,15,20
1300397,"2023-11-19 11:20:01",4,cp_sunshine,49173,15,20
1300398,"2023-11-19 11:20:01",4,cp_sunshine,86668,15,20
1300399,"2023-11-19 11:20:01",4,cp_sunshine,225,15,20
1300400,"2023-11-19 11:20:01",4,cp_sunshine,3288,15,20
1300401,"2023-11-19 11:20:01",4,cp_sunshine,12279,15,20
1300402,"2023-11-19 11:22:52",4,cp_sunshine,52846,15,20
1300403,"2023-11-19 11:22:52",4,cp_sunshine,81665,15,20
1300404,"2023-11-19 11:22:52",4,cp_sunshine,67668,15,20
1300405,"2023-11-19 11:22:52",4,cp_sunshine,256,15,20
1300406,"2023-11-19 11:22:52",4,cp_sunshine,2,15,20
1300407,"2023-11-19 11:22:52",4,cp_sunshine,223,15,20
1300408,"2023-11-19 11:22:52",4,cp_sunshine,78412,15,20
1300409,"2023-11-19 11:22:52",4,cp_sunshine,86670,15,20
1300410,"2023-11-19 11:22:52",4,cp_sunshine,78482,15,20
1300411,"2023-11-19 11:26:51",4,cp_sunshine,49173,15,20
1300412,"2023-11-19 11:26:51",4,cp_sunshine,86665,15,20
1300413,"2023-11-19 11:26:51",4,cp_sunshine,9434,15,20
1300414,"2023-11-19 11:26:51",4,cp_sunshine,12279,15,20
1300415,"2023-11-19 11:26:51",4,cp_sunshine,3288,15,20
1300416,"2023-11-19 11:26:51",4,cp_sunshine,225,15,20
1300417,"2023-11-19 11:26:51",4,cp_sunshine,86668,15,20
1300418,"2023-11-19 11:26:51",4,cp_sunshine,86671,15,20
1300419,"2023-11-19 11:26:51",4,cp_sunshine,83202,15,20
1300420,"2023-11-19 11:28:15",4,cp_sunshine,256,15,20
1300421,"2023-11-19 11:28:15",4,cp_sunshine,67668,15,20
1300422,"2023-11-19 11:28:15",4,cp_sunshine,81665,15,20
1300423,"2023-11-19 11:28:15",4,cp_sunshine,52846,15,20
1300424,"2023-11-19 11:28:15",4,cp_sunshine,223,15,20
1300425,"2023-11-19 11:28:15",4,cp_sunshine,2,15,20
1300426,"2023-11-19 11:28:15",4,cp_sunshine,86670,15,20
1300427,"2023-11-19 11:28:15",4,cp_sunshine,78412,15,20
1300428,"2023-11-19 11:28:15",4,cp_sunshine,78482,15,20
1300429,"2023-11-19 11:33:33",4,cp_sunshine,78482,15,20
1300430,"2023-11-19 11:33:33",4,cp_sunshine,78412,15,20
1300431,"2023-11-19 11:33:33",4,cp_sunshine,86669,15,20
1300432,"2023-11-19 11:33:33",4,cp_sunshine,86670,15,20
1300433,"2023-11-19 11:33:33",4,cp_sunshine,67668,15,20
1300434,"2023-11-19 11:33:33",4,cp_sunshine,223,15,20
1300435,"2023-11-19 11:33:33",4,cp_sunshine,81665,15,20
1300436,"2023-11-19 11:33:33",4,cp_sunshine,256,15,20
1300437,"2023-11-19 11:33:33",4,cp_sunshine,2,15,20
1300438,"2023-11-19 11:34:48",4,pl_pier,52846,15,20
1300439,"2023-11-19 11:34:48",4,pl_pier,67668,15,20
1300440,"2023-11-19 11:34:48",4,pl_pier,86670,15,20
1300441,"2023-11-19 11:34:48",4,pl_pier,223,15,20
1300442,"2023-11-19 11:34:48",4,pl_pier,81665,15,20
1300443,"2023-11-19 11:34:48",4,pl_pier,2,15,20
1300444,"2023-11-19 11:34:48",4,pl_pier,256,15,20
1300445,"2023-11-19 11:34:48",4,pl_pier,78412,15,20
1300446,"2023-11-19 11:34:48",4,pl_pier,78482,15,20
1300447,"2023-11-19 11:34:48",4,pl_pier,86669,15,20
1300448,"2023-11-19 11:35:33",4,pl_pier,86669,15,20
1300449,"2023-11-19 11:35:33",4,pl_pier,78482,15,20
1300450,"2023-11-19 11:35:33",4,pl_pier,78412,15,20
1300451,"2023-11-19 11:35:33",4,pl_pier,81665,15,20
1300452,"2023-11-19 11:35:33",4,pl_pier,256,15,20
1300453,"2023-11-19 11:35:33",4,pl_pier,2,15,20
1300454,"2023-11-19 11:35:33",4,pl_pier,86670,15,20
1300455,"2023-11-19 11:35:33",4,pl_pier,67668,15,20
1300456,"2023-11-19 11:35:33",4,pl_pier,52846,15,20
1300457,"2023-11-19 11:35:33",4,pl_pier,223,15,20
1300458,"2023-11-19 11:35:59",4,pl_pier,223,15,20
1300459,"2023-11-19 11:35:59",4,pl_pier,86670,15,20
1300460,"2023-11-19 11:35:59",4,pl_pier,52846,15,20
1300461,"2023-11-19 11:35:59",4,pl_pier,67668,15,20
1300462,"2023-11-19 11:35:59",4,pl_pier,256,15,20
1300463,"2023-11-19 11:35:59",4,pl_pier,2,15,20
1300464,"2023-11-19 11:35:59",4,pl_pier,81665,15,20
1300465,"2023-11-19 11:35:59",4,pl_pier,78482,15,20
1300466,"2023-11-19 11:35:59",4,pl_pier,78412,15,20
1300467,"2023-11-19 11:35:59",4,pl_pier,86669,15,20
1300468,"2023-11-19 11:36:02",4,pl_pier,86670,22,50
1300469,"2023-11-19 11:36:02",4,pl_pier,52846,22,50
1300470,"2023-11-19 11:36:02",4,pl_pier,67668,22,50
1300471,"2023-11-19 11:36:02",4,pl_pier,223,22,50
1300472,"2023-11-19 11:36:02",4,pl_pier,81665,22,50
1300473,"2023-11-19 11:36:02",4,pl_pier,256,22,50
1300474,"2023-11-19 11:36:02",4,pl_pier,2,22,50
1300475,"2023-11-19 11:36:02",4,pl_pier,78482,22,50
1300476,"2023-11-19 11:36:02",4,pl_pier,78412,22,50
1300477,"2023-11-19 11:36:02",4,pl_pier,86669,22,50
1300478,"2023-11-19 11:45:55",4,pl_pier,86672,15,20
1300479,"2023-11-19 11:45:55",4,pl_pier,81665,15,20
1300480,"2023-11-19 11:45:55",4,pl_pier,223,15,20
1300481,"2023-11-19 11:45:55",4,pl_pier,83202,15,20
1300482,"2023-11-19 11:45:55",4,pl_pier,67668,15,20
1300483,"2023-11-19 11:45:55",4,pl_pier,78412,15,20
1300484,"2023-11-19 11:45:55",4,pl_pier,78482,15,20
1300485,"2023-11-19 11:55:16",4,cp_steel,86669,22,50
1300486,"2023-11-19 11:55:16",4,cp_steel,25413,22,50
1300487,"2023-11-19 11:55:16",4,cp_steel,9434,22,50
1300488,"2023-11-19 11:55:16",4,cp_steel,12279,22,50
1300489,"2023-11-19 11:55:16",4,cp_steel,198,22,50
1300490,"2023-11-19 11:55:16",4,cp_steel,2,22,50
1300491,"2023-11-19 11:55:16",4,cp_steel,52846,22,50
1300492,"2023-11-19 11:59:35",4,cp_steel,25413,15,20
1300493,"2023-11-19 11:59:35",4,cp_steel,86669,15,20
1300494,"2023-11-19 11:59:35",4,cp_steel,198,15,20
1300495,"2023-11-19 11:59:35",4,cp_steel,12279,15,20
1300496,"2023-11-19 11:59:35",4,cp_steel,256,15,20
1300497,"2023-11-19 11:59:35",4,cp_steel,9434,15,20
1300498,"2023-11-19 11:59:35",4,cp_steel,2,15,20
1300499,"2023-11-19 11:59:35",4,cp_steel,52846,15,20
